CDR3a,CDR3b,peptide,binder,prediction
AANEMEYGNKLV,ASSLEGRQLNTEAF,GILGFVFTL,0,3.1873944e-07
AEDRDARLM,SARDRVGNTIY,GILGFVFTL,1,1.0
ADADSWGKLQ,ASSFGRANVLT,GILGFVFTL,0,0.024736136
AVDTLLIQGAQKLV,ASSLTIDSGNTDTQY,GILGFVFTL,0,5.4417733e-06
AVDSGTYKYI,ASSQVEGLNYGYT,GILGFVFTL,0,1.5622078e-08
AVSTYGGSQGNLI,ASSYSRQGMNEQF,GILGFVFTL,0,6.474014e-05
AEDRDSTLT,SARTGVGNTIY,GILGFVFTL,1,0.99955726
GIQGAQKLV,ASGSPLH,GILGFVFTL,0,2.8001126e-05
AENPSGYSTLT,ASSQSPGGIQY,GILGFVFTL,1,0.9999157
AVNAPDNTDKLI,ASSYIGWPGAGTGELF,GILGFVFTL,0,3.9789894e-10
AVMADNYGQNFV,AISEEGAVSLNGYT,GILGFVFTL,0,5.360527e-05
ALSVSNQFY,ASSRDSSSYNEQF,GILGFVFTL,0,9.096405e-09
GTEGAGNNRKLI,ASSQVFGTPTPQH,GILGFVFTL,0,5.2324464e-07
AVRPGSYGGSQGNLI,SVEWGASGGTDTQY,GILGFVFTL,0,1.4826386e-08
AVRDSNYQLI,ASIGPESETQY,GILGFVFTL,0,1.2123967e-06
AERDSWGKFQ,SGDLGRQNTEAF,GILGFVFTL,0,4.6241526e-09
VLNDYKLS,SATLQGARGNQPQH,GILGFVFTL,0,3.7867747e-05
AGSTGGSQGNLI,ASSGRSTDTQY,GILGFVFTL,1,1.0
AGGGSSNTGKLI,ASRLLAGVINEQF,GILGFVFTL,1,0.9984064
AVNENYGQNFV,ASSLEGTAGYEQY,GILGFVFTL,0,1.8667032e-08
AVVELNRDDKII,ASSPQATGLFTGELF,GILGFVFTL,0,0.0023631752
AENTGRRALT,ASSLVGSSYNEQF,GILGFVFTL,0,0.0061624646
IVTTNTNAGKST,ASSFLTGGNRDYGYT,GILGFVFTL,0,8.808642e-08
ATVLRMDSSYKLI,ASSQIGEGHGDEQF,GILGFVFTL,0,2.3678437e-07
GTGQRGSNSGYALN,ASSAPGQGEYEQY,GILGFVFTL,0,1.0389634e-07
AEDRDARLM,SSRSRVGNTIY,GILGFVFTL,1,0.9999999
AGGGSNYKLT,ASSQGKTQY,GILGFVFTL,0,0.00081527233
ALSGDGQKLL,ASSEWGTGSSREQY,GILGFVFTL,0,2.9242162e-06
ALHMEYGNKLV,ASSYTRQGSSLSFSGNTIY,GILGFVFTL,0,0.006396711
GAPDSGTYKYI,ASNLPRQDGTYEQY,GILGFVFTL,0,1.4102574e-07
AGSNQAGTALI,ASSVDGLAGTRETQY,GILGFVFTL,0,3.7847385e-05
AGVYGGSQGNLI,ASSIRSSYEQY,GILGFVFTL,1,0.99983215
GTATGNQFY,ASSSTGSSYEQY,GILGFVFTL,0,1.4434363e-07
AVGAGEYGNKLV,ASSPLDSYEQY,GILGFVFTL,0,6.36449e-07
AAKDSNYQLI,SVDQGGGTEAF,GILGFVFTL,0,3.4041128e-09
AGAQKETSGSRLT,ASSQEWTSRDTQY,GILGFVFTL,0,2.6771119e-09
AVVYNNNDMR,ASSYKTGVYEAF,GILGFVFTL,0,0.00054967403
AAPNRDDKII,ASASGQYNSPLH,GILGFVFTL,0,1.3326937e-07
LVDPFSGGYNKLI,ASSRLRVEGVGELF,GILGFVFTL,0,2.7771216e-07
AVGTDNARLM,ASSPLSLNTEAF,GILGFVFTL,0,0.003607422
AGARSYQLT,ASSPLSLNTEAF,GILGFVFTL,0,0.00046142936
VVNPPEYYNTDKLI,SASRPGGNQPQH,GILGFVFTL,0,1.3944583e-06
ASLGAGTALI,ASNSGTGGMPLH,GILGFVFTL,1,5.63923e-08
AAIPNTDKLI,ASSQDFLAGGDTYEQY,GILGFVFTL,0,8.737805e-09
AVIFTSGTYKYI,ASSPSGVEQY,GILGFVFTL,1,5.7662174e-07
AVRDSNYQLI,SAREDSSRESSPLH,GILGFVFTL,0,3.0281171e-05
VVSDFNKFY,SAYLNYEQY,GILGFVFTL,0,2.2837149e-08
VVNPGGFKTI,ASRPYGTDFTDTQY,GILGFVFTL,0,1.8221913e-07
VCMKTSYDKVI,ASSLPRGYEQY,GILGFVFTL,0,1.22494725e-08
AVQASSGATNKLI,SARGVDKNIQY,GILGFVFTL,0,1.1370122e-09
AATGGSQGNLI,SAYPPGDGTQY,GILGFVFTL,0,0.9266577
AARDSNYQLI,SASFAISSGGADTQY,GILGFVFTL,0,9.6616595e-06
AVIINNAGNMLT,ASSPRGQEFLAGAPEQF,GILGFVFTL,0,6.7272005e-10
VVSARARLM,ASSLEGVLEDEQY,GILGFVFTL,0,6.1921916e-09
AVALSGGYQKVT,ASSLEGGYTDTQY,GILGFVFTL,0,9.651451e-07
AVNMEYGNKLV,SAPSLASGEQY,GILGFVFTL,0,8.5037317e-07
AVQAGNNDMR,ASSQDFVGYEQY,GILGFVFTL,0,4.6036455e-10
AGSEKLT,ASSQGGGASGCT,GILGFVFTL,0,0.0002284646
AASMISGGYNKLI,ASSQISTGGSPYEQY,GILGFVFTL,0,2.9272492e-06
AYRSPGAGSYQLT,ASSLVTGSGYT,GILGFVFTL,0,0.00039684772
VVSGPQNAGNNRKLI,ASSEWKGVYTEAF,GILGFVFTL,0,1.6162197e-10
VVNTQAGTALI,ASSQDRELF,GILGFVFTL,0,2.4504237e-08
AASKGLRNNDMR,ASSELPYGYT,GILGFVFTL,0,2.6293195e-10
AVKGQGGSEKLV,ASSYLKDYGYT,GILGFVFTL,0,0.026839346
AGDMETSYDKVI,ACQGLTGELF,GILGFVFTL,0,1.5345546e-05
LVGDIVDSSYKLI,ASSQDKSYEQY,GILGFVFTL,0,1.00734944e-07
AVSEGSQGNLI,ASSFAGSNQPQH,GILGFVFTL,0,0.0006608963
AVSARARLM,ASSQEAGANYEQY,GILGFVFTL,0,2.5495057e-08
ALQNSGGYQKVT,ASNGKGAYEQY,GILGFVFTL,0,7.553559e-05
ALNTGGFKTI,ASSPPFLAGSGSSYEQY,GILGFVFTL,0,1.9845083e-06
AGAFGGSQGNLI,ASSIRSGYEQY,GILGFVFTL,1,0.99999976
AGSQTGANNLF,ASSQFSGSYNEQF,GILGFVFTL,0,1.0081698e-06
AASRDYKLS,ATPAGSTDTQY,GILGFVFTL,0,0.00043791533
GAVAPWGGATNKLI,SARWNTEAF,GILGFVFTL,0,1.2833953e-09
ALRHSGYALN,ASSIRDRTEAF,GILGFVFTL,0,1.9322324e-06
GTAPQGGSEKLV,ATQTSGANNEQF,GILGFVFTL,0,2.6991188e-08
ATGANQAGTALI,ASSSLRGVGGWTEAF,GILGFVFTL,0,5.387851e-08
ALSEAGDSSYKLI,ASSEWQNTGELF,GILGFVFTL,0,1.8158646e-07
ARNTGNQFY,ASSKQSGTGYYGYT,GILGFVFTL,1,0.99999756
AGGNGGSQGNLI,ASSIRSTGELF,GILGFVFTL,1,1.0
AYWTDKLI,ASSLGTGYYEQY,GILGFVFTL,0,0.00064587593
ATDAGNQFY,ASSTGPWGEQF,GILGFVFTL,0,0.0038942993
AAYSNYQLI,ASVSGTGHEQY,GILGFVFTL,0,0.0007725656
AGALGGGSQGNLI,ASSVRASYEQY,GILGFVFTL,1,1.0
AVRRWGGGADGLT,ASSQVVGSGGYTYEQY,GILGFVFTL,0,1.8345153e-07
ACSNQAGTALI,ASSLSPPTQY,GILGFVFTL,0,0.000883162
LVGGKLI,ASRAWAGGENEQF,GILGFVFTL,0,7.675732e-10
AVDNYGQNFV,ASPGQGDTGELF,GILGFVFTL,0,6.131286e-05
VVNPPGGGSQGNLI,ASSSSPWAGLYGYT,GILGFVFTL,0,0.0010185242
AANFYSGGGADGLT,SANWLNVGTGQETQY,GILGFVFTL,0,7.535692e-09
AMGGNEKLT,ASSRGDYLHQETQY,GILGFVFTL,0,0.00016915798
AASANDGQGNLI,ASSYSMDLTSNQPQH,GILGFVFTL,1,0.15687755
APSPSYNTDKLI,SASDHQGVSYNEQF,GILGFVFTL,0,0.00015518069
AGDNFNKFY,ASSIRSTGELF,GILGFVFTL,1,0.49816984
AVRDTGTASKLT,ASSERAGTTDTQY,GILGFVFTL,0,3.8454942e-07
VVNQRGKLI,ASSLDSYEQY,GILGFVFTL,0,4.1678504e-06
AVRDISARLM,ASSSVNEQY,GILGFVFTL,1,0.9990387
AAFRNSGNTPLV,ASSPAENSPLH,GILGFVFTL,0,8.98134e-10
AVLWDKII,AWTVFTGELF,GILGFVFTL,0,4.4644773e-07
GTERYAGGTSYGKLT,ASSFNTGELF,GILGFVFTL,0,1.3740888e-06
LVGDSQII,ASSLDPAREAF,GILGFVFTL,0,9.404477e-08
AYHNFGNEKLT,ASSPRTSGKNEQF,GILGFVFTL,0,0.00056296587
AVPLGGSNYKLT,ASSRGVVNNEQF,GILGFVFTL,0,6.5832714e-06
LVGGPITGGYNKLI,ASSFGQGAIEQF,GILGFVFTL,0,4.743826e-07
ALSDIGPSGAGSYQLT,SAREVPSRVAYEQY,GILGFVFTL,0,1.09662544e-07
GTEGAGNNRKLI,ASSRYRGDTEAF,GILGFVFTL,0,8.844514e-07
ARNAGNMLT,SARRGTAPAEQY,GILGFVFTL,0,1.548026e-05
AFEAGNQFY,ASRLLAGGQSTQY,GILGFVFTL,1,1.6222274e-09
AFIRDAGNMLT,ASSQEDGSLYEQY,GILGFVFTL,0,0.9494549
AFMKPDARLM,ATSDSGTGTDYEQY,GILGFVFTL,0,1.9639076e-06
AFPYNNNDMR,ASSLEGFTEAF,GILGFVFTL,1,0.9999354
AVRADTGRRALT,ASSSSIQETQY,GILGFVFTL,0,2.7176538e-08
ATPGGATNKLI,ASSLTQPREQF,GILGFVFTL,0,6.4596776e-08
AGADSGAGSYQLT,ASSPPGGGYGYT,GILGFVFTL,0,1.1352791e-06
AASTHAGGTSYGKLT,ASSLASPSGTLTDTQY,GILGFVFTL,0,1.3909525e-07
APYRAGKST,ASSPAGVDEQY,GILGFVFTL,0,6.610207e-07
AGALVGDFGNEKLT,ASSRVKHLIAEAF,GILGFVFTL,0,6.3788787e-07
VVSARARLM,ASSFGQGAIEQF,GILGFVFTL,0,1.5795979e-06
AASRKHNNDMR,ASSQDLTSGALEDTQY,GILGFVFTL,0,6.2658446e-06
VPFDRGSTLGRLY,ASSLPRTGTNYGYT,GILGFVFTL,0,0.0008355379
AVRAPMDSSYKLI,ASSLGVGQGYNEQF,GILGFVFTL,0,8.5527754e-05
AYSWETSGSRLT,ASRAWEGYT,GILGFVFTL,0,7.757555e-07
AASATDNDMR,ASSLRTYTEAF,GILGFVFTL,0,0.6271578
LVGPPNAGNMLT,ASSVPGLNTDTQY,GILGFVFTL,0,6.7724276e-10
ALRGGLGADGLT,SARGGTYEQY,GILGFVFTL,0,1.2934223e-06
AASRHSNTGKLI,ASRSGTGINYGYT,GILGFVFTL,0,1.2629005e-09
AVEDFEAAGNKLT,ASSGSGEQF,GILGFVFTL,0,1.0959971e-09
AYRSADSSYKLI,ASSLRDRVAYGYT,GILGFVFTL,0,1.2704577e-09
ALRQAGTALI,ASSAGVAGSGETQY,GILGFVFTL,0,1.43392e-07
AVREGVGDGQKLL,ASSIHGGEQF,GILGFVFTL,1,2.8734425e-07
AGDRGGGFKTI,ASKEVAGEYNEQF,GILGFVFTL,0,1.8774311e-10
AVSGEIQGAQKLV,ASTIRARKTGELF,GILGFVFTL,0,2.5574982e-06
AAVDSNYQLI,ASSYSGGGETQY,GILGFVFTL,0,2.1630585e-10
AASKGGFGNVLH,ASSRTSQGIIAEAF,GILGFVFTL,0,0.00033164024
AASPGFQKLV,ASNPGVDQPQH,GILGFVFTL,0,1.0285293e-05
AFRGQGTGGTSYGKLT,ASSPTNQPQH,GILGFVFTL,0,0.00015327334
AYPDQTGANNLF,ASSAKIAGGPVTGELF,GILGFVFTL,0,1.491368e-05
ASGSNYKLT,SARDPAGDYEQY,GILGFVFTL,0,2.9308162e-06
AVQGRGSTLGRLY,AWSVLGGGTEAF,GILGFVFTL,0,0.0017110407
LVGVPYNTNAGKST,ASSYLSGGLQETQY,GILGFVFTL,0,6.93418e-05
AGIIGFGNVLH,ASSQGGQGRRIPYEQY,GILGFVFTL,0,1.865631e-09
AMNAGNMLT,SVEAEGLWN,GILGFVFTL,0,8.086102e-08
AYRADDKII,ASSLKGTGFYEQY,GILGFVFTL,0,4.1747878e-08
VVRLLTGGGNKLT,ASIPMGGGRGYT,GILGFVFTL,0,3.3442364e-09
AVLMDSNYQLI,ASSRGNSNQPQH,GILGFVFTL,0,3.2031871e-06
AVRFNARLM,SVVERNEQF,GILGFVFTL,0,6.7555304e-09
AASRDYKLS,ASSDDRASGNTIY,GILGFVFTL,0,0.00026249886
VVIPYSSASKII,ASSFHRDSQVLGTEAF,GILGFVFTL,0,0.0005893707
AMREGYSNYQLI,ASSQDLAGLTGELF,GILGFVFTL,0,1.3880386e-05
ASRDNFNKFY,ASSLDRGRAGELF,GILGFVFTL,0,7.529141e-09
AYRGGSNYQLI,SARGGTSGGTDTQY,GILGFVFTL,0,2.5630589e-09
AYRSAGRDDKII,ASSRFRGPPGNEQF,GILGFVFTL,0,4.505212e-09
AMREGTGNFNKFY,ASSQEWRGGQETQY,GILGFVFTL,0,1.402398e-09
ILKTSYDKVI,ATSGPSGADYNEQF,GILGFVFTL,0,2.1516954e-08
ALFTRNSGGSNYKLT,ASSSLYEQY,GILGFVFTL,0,5.6761037e-06
AATYGNNRLA,ASSAGLDEQY,GILGFVFTL,0,1.4360885e-06
AGNDYKLS,ASSVEGASTDTQY,GILGFVFTL,0,2.2515978e-05
ASLDQTGANNLF,ASSFFVVTSGRAVYGANVLT,GILGFVFTL,0,0.94968593
AGQGSARQLT,ASKYNRGLRTGELF,GILGFVFTL,0,5.163909e-10
AASIRNTGGFKTI,SARWNTEAF,GILGFVFTL,0,7.889328e-09
AVNLENAGNMLT,SVEGLAGGTSSYEQY,GILGFVFTL,0,0.004809946
AAFTGNQFY,SARDHGGGYEQY,GILGFVFTL,0,0.45233518
ASEMNYGGSQGNLI,ASSSQGPYGYT,GILGFVFTL,0,0.0005515814
AGSNAGGTSYGKLT,ASSLTSVYEQF,GILGFVFTL,0,1.7340706e-05
AVTLGAAGNKLT,ASRPGLAVWNEQF,GILGFVFTL,0,1.1412474e-06
AVNGYGGSQGNLI,ASSYSRQGENIQY,GILGFVFTL,0,1.2875125e-06
AVPGTDKLI,ATEDRVGIQY,GILGFVFTL,0,0.46249744
AFTSGTYKYI,ASSQSPAEGLAEAF,GILGFVFTL,0,2.4457578e-09
LVGDPGANNLF,SARDRLPGQHSNQPQH,GILGFVFTL,0,1.141465e-08
ATDAGNQFY,ASSPTGPWGEQY,GILGFVFTL,0,1.1154996e-06
AVHNLF,ASTLGTGRSNEQF,GILGFVFTL,0,2.9977575e-05
AMREGKDSSYKLI,ASSLHDREGVRSPLH,GILGFVFTL,0,0.010526925
AAINAGNMLT,ASSSPGTGFGYT,GILGFVFTL,0,3.4935192e-06
ALRAGQDSSYKLI,ASSLLVGPGTGKYNEQF,GILGFVFTL,0,4.28264e-06
AASARAGNTDKLI,ASSLDRESNEKLF,GILGFVFTL,0,2.3100344e-09
AGADGGGSQGNLI,ASSIRSTYEQY,GILGFVFTL,1,1.0
AADKLI,ASRPWASELGYT,GILGFVFTL,0,7.484915e-08
ILRDYNNAGNMLT,ASSRDGASTDTQY,GILGFVFTL,0,3.8853304e-06
AFMMGFGNEKLT,ASSLGSPYNSPLH,GILGFVFTL,0,3.150092e-07
AGVMDSNYQLI,ASSSFSGGHTDTQY,GILGFVFTL,0,2.4404141e-08
ALSESYFGNEKLT,ASSDKTYSGSSYEQY,GILGFVFTL,0,0.00066539645
ALSARNAGNMLT,ASSLGVGLWNEQF,GILGFVFTL,0,1.7349126e-05
LVGDPGGYQKVT,ASSLPLGGSSLSSYNEQF,GILGFVFTL,0,2.8252987e-06
AVPMFSGGYNKLI,ASRLEDRGDVETQY,GILGFVFTL,0,0.00012689829
IVRAVPYNTDKLI,ASSYMGGEKLF,GILGFVFTL,0,4.2374424e-08
AVVRTDKLI,SAFGTNSYEQY,GILGFVFTL,0,0.0057219267
AVRDSPGTYKYI,ASSSQGDSTDTQY,GILGFVFTL,0,7.054121e-10
ALEGGNNNDMR,ASSYTGVGTEAF,GILGFVFTL,0,5.4259363e-08
AVNMQRAAGNKLT,ASSSASPWTGYPYEQY,GILGFVFTL,0,1.383222e-05
AYHNNDMR,ASSSAGTGNYEQY,GILGFVFTL,0,0.00083628297
AVSDPLV,SASGAEDEQF,GILGFVFTL,0,3.611586e-08
LVGDMQRWGNTPLV,ASSFLTGGSYEQY,GILGFVFTL,0,1.3076001e-07
AVPRDNYGQNFV,ASQGSGDPLDQETQY,GILGFVFTL,0,2.1680451e-07
AYIAHNNDMR,ASSLNGGMEGYT,GILGFVFTL,0,2.940614e-05
AGQGGSTLGRLY,ASSIEAHQPQH,GILGFVFTL,0,0.98405945
VVDGGATNKLI,ASSFTQGAYEQY,GILGFVFTL,0,1.5898142e-06
AESRAHNTDKLI,SAIKSDSMRAEAF,GILGFVFTL,0,1.138508e-06
LLRPNNNDMR,SAREDSYSNQPQH,GILGFVFTL,0,5.5035564e-08
ALGLGTYKYI,ASSPGTASGDEQF,GILGFVFTL,0,3.25453e-06
AVRDQRGKLI,ASSSTGTDYEQY,GILGFVFTL,0,5.8013813e-07
AAFGGGFGNVLH,ASSPLSLNTEAF,GILGFVFTL,0,0.0014158785
AENYGGSQGNLI,ASSLDPAREAF,GILGFVFTL,0,1.3121323e-05
GRNGGSQGNLI,ASSPEGLFAYYGYT,GILGFVFTL,0,0.9999211
AYRSMYSGGGADGLT,ASSTRTGFNEQF,GILGFVFTL,0,0.002110809
AFLLNDMR,ASSPPPLSYEQY,GILGFVFTL,0,2.5941334e-08
AGRMDSNYQLI,ASSFGGGPPYEQY,GILGFVFTL,0,2.9582387e-07
VVRSNYGGSQGNLI,SARGLAGGTDTQY,GILGFVFTL,0,2.988134e-10
ILRNGGAQKLV,ASSLGGGGQGRGYT,GILGFVFTL,0,1.1164168e-08
AASEGGADGLT,ASRPRLDGLYQETQY,GILGFVFTL,0,1.6258216e-06
AVRDSNYQLI,ASSYESSYNEQF,GILGFVFTL,0,4.2045448e-07
VVWTGAGSYQLT,ASSQRVGLAGGNTGELF,GILGFVFTL,0,0.00020253658
ARNTGNQFY,ASSPQTGAPYGYT,GILGFVFTL,1,0.99999857
GTLIKAAGNKLT,SVSGEQF,GILGFVFTL,0,3.639232e-08
AASTVDSWGKLQ,ASSQDSSGRASYEQY,GILGFVFTL,0,0.025693715
VVNGNQFY,ASSEGWASYSAF,GILGFVFTL,0,4.9888677e-10
AVRDSNYQLI,ASSYGASTDTQY,GILGFVFTL,0,0.0002078712
AVISMDSSYKLI,ATRTGGAQY,GILGFVFTL,0,0.008056462
LVGHNNAGNMLT,ATSEDSNQPQH,GILGFVFTL,0,4.017321e-08
AAGDDKII,ASSPTGLGNTEAF,GILGFVFTL,0,3.816542e-06
AASNSGGYQKVT,ASSPGTMNEQF,GILGFVFTL,0,8.457959e-06
AVNLPRVKAAGNKLT,ASSMGLAGDYNEQF,GILGFVFTL,0,1.1483685e-05
AFPEYGNKLV,ASTYRGTNTEAF,GILGFVFTL,0,1.0078064e-06
AAGFSDGQKLL,SVELPGNEQF,GILGFVFTL,0,3.834071e-08
AAILPYSGAGSYQLT,ASSFGTSGFNEQF,GILGFVFTL,0,0.00016590953
AVVTGTASKLT,ASTVDVDRTEAF,GILGFVFTL,0,4.2906953e-07
AVLDSNYQLI,SARTGKENTEAF,GILGFVFTL,0,0.002355069
AASADEKLT,ASSSMHTQY,GILGFVFTL,0,0.00012083498
GGAGNMLT,ASSSRDGGTQETQY,GILGFVFTL,0,2.5007984e-07
AMILNFGNEKLT,ASSQDRRTNTEAF,GILGFVFTL,0,2.6476202e-06
AVDSGANSKLT,ASIPYQETQY,GILGFVFTL,0,3.8974363e-06
AVEDHGGTDSWGKLQ,ASSDNDGVSYGYT,GILGFVFTL,0,0.00032931566
AVSNPSGNTPLV,ASSQDGGVLSDEQY,GILGFVFTL,0,1.6755273e-07
AYSWETSGSRLT,ASSWFRTAKETQY,GILGFVFTL,0,1.2074518e-05
AASRHSNTGKLI,ASSARPAGAPYEQY,GILGFVFTL,0,8.880977e-07
AGLTGNQFY,ASSFEGQPQH,GILGFVFTL,0,9.742448e-07
AVRGPDGQKLL,SVEDISETNTGELF,GILGFVFTL,0,0.0015231669
APDPGGTSYGKLT,ASTYFPGRNEQF,GILGFVFTL,0,2.7159321e-09
AAPRDSNYQLI,ASSDGPSASTDTQY,GILGFVFTL,0,6.2223386e-08
ASPGQGGSEKLV,ASSLGMNTEAF,GILGFVFTL,0,4.1807107e-05
AASATSYDYKLS,SATPGTDKDSNQPQH,GILGFVFTL,0,1.9424428e-07
AGADGGGSQGNLI,ASGLGDSEKLF,GILGFVFTL,1,0.9414411
LVGPSGAGSYQLT,ASRWTGNDYEQY,GILGFVFTL,0,0.00027301908
AMRGNQGGKLI,ASSSPGLSVRPSTDTQY,GILGFVFTL,0,0.0018256009
AVPRYNFNKFY,ATSGTLGTEAF,GILGFVFTL,0,2.0221859e-07
AASEVTGGGNKLT,SATTGTRSEKLF,GILGFVFTL,0,0.00092598796
AFMKPLEYGNKLV,ASTRRGGELDGYT,GILGFVFTL,0,6.127614e-07
ILRDQFYTGTASKLT,ASSYSGYEQY,GILGFVFTL,0,3.6654862e-07
AFMAHQTGANNLF,ASSVDQDEAF,GILGFVFTL,0,8.15736e-08
AVRPNPWGGADGLT,ASSLEGVLEDEQY,GILGFVFTL,0,7.8818935e-10
ALSDLSVYNFNKFY,ASSLGTGGFSGTEAF,GILGFVFTL,0,0.001049012
VVNGVDKLI,ASSQDQTANPWEAF,GILGFVFTL,0,0.63443315
VVSVFGNEKLT,ASSEGSLGYQPQH,GILGFVFTL,0,1.2267085e-05
AYSWETSGSRLT,ASSSLNASPEAF,GILGFVFTL,0,8.76592e-08
GTVANTGFQKLV,ASSLGSSPLH,GILGFVFTL,0,8.420381e-08
AHYTSGTYKYI,SASETDYEQY,GILGFVFTL,0,8.080551e-08
IVRVAETLLINTGKLI,SARDRGQINEQF,GILGFVFTL,0,5.340634e-06
VVYNDMR,ASSDFGSTDTQY,GILGFVFTL,0,0.0015467107
ASVLTQGGSEKLV,ASSLADWTEHSYNEQF,GILGFVFTL,0,3.1312302e-06
VVNKGGSYIPT,ASGTGGRNTIY,GILGFVFTL,0,8.839544e-08
AVPNSNSGYALN,ASSEGGQNIQY,GILGFVFTL,0,2.4454557e-08
AVAYSNTGNQFY,AISGGYGYT,GILGFVFTL,0,0.00027668476
AVDQGAQKLV,ASSPTGDPRWLF,GILGFVFTL,0,4.7413655e-09
AVATLKSNYQLI,ASSLAGTGVGSTEAF,GILGFVFTL,0,0.0056049824
AAGNTDKLI,ASGLGYGWGYT,GILGFVFTL,0,3.2400365e-08
ALSERETSGSRLT,ASSYSQANEAF,GILGFVFTL,0,3.6488164e-08
AVWRNGQNFV,ASSLGDGGGNEQF,GILGFVFTL,0,2.357477e-05
AGLPGGSNYKLT,ASSPGQGIYNEQF,GILGFVFTL,0,4.7802846e-09
VEDSGYALN,ASSSLTGEGDEQY,GILGFVFTL,0,1.3618414e-06
AVMDSNYQLI,SARDLTSGYNEQF,GILGFVFTL,0,0.006069243
AVHLGDDKII,ASSPRRQGLTYEQY,GILGFVFTL,0,0.5516455
VGNKREYGNKLV,ASSSGGRQNEKLF,GILGFVFTL,0,5.739486e-06
AVNIGGGSQGNLI,ASSIRSADTQY,GILGFVFTL,1,1.0
GAGINAGNNRKLI,ASREGGYQETQY,GILGFVFTL,0,3.3160665e-09
GADGNNNDMR,ASSPQGARNQPQH,GILGFVFTL,0,0.19746402
ALSEASSGNKLV,ASSRVWNLAGGRDTQY,GILGFVFTL,0,1.8029074e-07
AAAETSYDKVI,ASSSTGAGNQPQH,GILGFVFTL,0,1.2431102e-05
AVRAPMDSSYKLI,ASSSHDWGGQGSPLH,GILGFVFTL,0,2.6944278e-08
AGVTSGTYKYI,ASSLVQGGGNEQF,GILGFVFTL,0,1.516265e-08
AVRDGNFNKFY,ASRGQGSGANVLT,GILGFVFTL,0,1.6743993e-09
AFIAFYNQGGKLI,ASSGTPYNSPLH,GILGFVFTL,0,8.888349e-05
AASDQAGTALI,ASQFRGNQPQH,GILGFVFTL,0,9.760991e-09
AAPWFSDGQKLL,ASSTRSGNEQY,GILGFVFTL,1,0.98599
AYRGTGNQFY,ASSPYRTDTQY,GILGFVFTL,0,3.3643403e-06
AGASTGTASKLT,ASSFRDRVIYEQY,GILGFVFTL,0,0.00029218197
AVRDDTGGGNKLT,ASSLVASGGGQETQY,GILGFVFTL,0,4.6811444e-08
AVGMDSSYKLI,AWSWDRNEQF,GILGFVFTL,0,6.2440718e-06
LVGVPSLYNQGGKLI,ASGTGTGIYEQY,GILGFVFTL,0,2.4444103e-07
VVYGAAGNKLT,SAGTGSYEQY,GILGFVFTL,0,0.009114474
AVSTYGGSQGNLI,ASSSTASSYEQY,GILGFVFTL,0,6.003834e-06
AGALGGGSQGNLI,ASSTRASYEQY,GILGFVFTL,1,1.0
AVRETFNNDMR,ASSLKRTGTSGSQVYNEQF,GILGFVFTL,0,6.844739e-05
VVNMYSGGGADGLT,ASSEGSGPQH,GILGFVFTL,0,4.9313974e-07
AASQWYGGGSYIPT,ASSLDPGEETQY,GILGFVFTL,0,4.453037e-06
AVKNAAGGYQKVT,ASSPLSLNTEAF,GILGFVFTL,0,0.057961524
AGPLGNQFY,ASSPTQTAANYGYT,GILGFVFTL,0,8.101443e-07
AVEDYGQNFV,ASSFRANTEAF,GILGFVFTL,0,0.7039506
AATGGGSQGNLI,ASSIRSSTEAF,GILGFVFTL,1,1.0
AAHSSDRGSTLGRLY,ASSEVGNQPQH,GILGFVFTL,0,1.2628452e-07
AVKEGGSYIPT,ASTGQGSETQY,GILGFVFTL,0,3.6590424e-07
AGVMDSNYQLI,ASSYSRPGSNTEAF,GILGFVFTL,0,1.6591154e-06
AVNTNAGKST,ASSRVGGLAYGNTEAF,GILGFVFTL,0,0.000110153676
VVKTRSNDYKLS,TPPGGSNDYGYT,GILGFVFTL,0,0.011511505
AVNARNAGNMLT,ASSLVVEDTEAF,GILGFVFTL,0,1.748002e-08
AVRGGKST,ASSHQTGGQETQY,GILGFVFTL,0,3.952661e-09
AEISGNTPLV,ASDKTGTSYEQY,GILGFVFTL,0,0.014691532
AATSGGGADGLT,ASSLSGGYEQY,GILGFVFTL,0,5.4406423e-06
AYRSAVDSSYKLI,ASSLYTAPNTEAF,GILGFVFTL,0,3.9156763e-08
ALIDNSGNTPLV,SASRGPNEQF,GILGFVFTL,0,0.008937657
VVPSWGKLQ,ASSQIQNIQY,GILGFVFTL,0,0.061576337
AVRPPFSGGYNKLI,ASSYSAGSRYNEQF,GILGFVFTL,0,2.421806e-08
AAVRQTGANNLF,ASSSPLWGEPGEQF,GILGFVFTL,0,0.0006401241
AYSWETSGSRLT,ASSSGFESTDTQY,GILGFVFTL,0,4.363273e-08
AFRARVDYGGSQGNLI,SARDLLQRGGPYNEQF,GILGFVFTL,0,3.0594478e-08
AVHLGAAGNKLT,ASSDFGSGSPLH,GILGFVFTL,0,2.0010957e-06
APNQYSGAGSYQLT,ASTPLAGGYNEQF,GILGFVFTL,0,0.00041815639
VVPSTDSWGKLQ,SARDYAEGLPYEQY,GILGFVFTL,0,0.00028380752
AESIKAAGNKLT,ASSDRDTDTQY,GILGFVFTL,0,0.00026714802
ILTLPRSNYKLT,ASSLGGWVAQY,GILGFVFTL,0,2.040093e-06
AVSINQAGTALI,ASSYEEETQY,GILGFVFTL,0,0.00029936433
AMSSEGGGYQKVT,ASSPGAGHDYNSPLH,GILGFVFTL,0,2.1647045e-05
ATVYNAGGTSYGKLT,ASSTYRGLIYGYT,GILGFVFTL,0,3.056615e-05
AASPTEEGNKLV,ASSGVGAEAF,GILGFVFTL,0,6.144054e-08
AGTDGSSNTGKLI,ASSIRSAYEQY,GILGFVFTL,1,1.0
AFMNPFDSNYQLI,ASSLEAGGVDNEQF,GILGFVFTL,0,6.5790656e-10
AVIPVTSGTYKYI,ASSQDRGQRITDTQY,GILGFVFTL,0,7.8736426e-05
AGGAPNSGYALN,ASSVSGTSYGYT,GILGFVFTL,0,0.00026217103
AEKVRGLV,ASSLGTGGFSGTEAF,GILGFVFTL,0,0.0011867285
VVRGPNTNAGKST,ASSQGGSDYNEHF,GILGFVFTL,0,8.800179e-08
AASAQADKLI,ASSLAGGYLTGELF,GILGFVFTL,0,0.00035068393
VVSARARLM,ASSQVFGTPTPQH,GILGFVFTL,0,3.3429374e-06
AAREEGRRALT,ASSHGVNTEAF,GILGFVFTL,0,3.0901745e-05
AVRHNTDKLI,ASSVAGGFPLF,GILGFVFTL,0,9.188148e-08
VVTATGTASKLT,ASSLSSNQPQH,GILGFVFTL,0,5.457737e-07
VVNREPNDYKLS,ASSPGILGNTIY,GILGFVFTL,0,0.999156
AVEVEAAGNKLT,SVGGQGNYEQY,GILGFVFTL,0,0.016365618
LVGSNSGNTPLV,ASSPGDISYEQY,GILGFVFTL,0,2.0979574e-09
AGDSGNNRLA,ASSAGVAGSGETQY,GILGFVFTL,0,1.1289215e-07
AYSGGGADGLT,SARDQGLAGGPYNEQF,GILGFVFTL,0,0.00032144785
ALHMEYGNKLV,AIQYEQY,GILGFVFTL,0,2.442547e-08
VVNSETSYDKVI,APGSVQRNYGYT,GILGFVFTL,0,2.9112273e-06
AVLDYKLS,SARDVGGSTDTQY,GILGFVFTL,0,4.003459e-05
VVSGSNTGKLI,ASSQVVTGSSGGYT,GILGFVFTL,0,1.2386298e-09
AGYNQGGKLI,ASSYSKMYQPQH,GILGFVFTL,0,0.6397471
AYRNPYNQGGKLI,ASRSWGETEAF,GILGFVFTL,0,6.6196373e-09
AVNAGKST,ASSEPQAGTYEQY,GILGFVFTL,0,2.8721961e-05
GTEVAGGGADGLT,ATADRYSNQPQH,GILGFVFTL,0,0.00085934997
AYRSFSGTYKYI,SAPGTSVYNEQF,GILGFVFTL,0,7.45444e-08
APMDSNYQLI,ASSYGSGANVLT,GILGFVFTL,0,2.4003437e-08
AVSLSGNTPLV,ASMEQGMTEAF,GILGFVFTL,0,6.149823e-08
AVRSTDKLI,ASSQALGSHQPQH,GILGFVFTL,0,1.9434315e-06
AVRPSYGQNFV,ASSISGGAAYEQY,GILGFVFTL,0,1.3609177e-05
ATDGSENDMR,ASSPWGIGNEQF,GILGFVFTL,0,0.56729865
AVTPGTYKYI,ASSFEAGAQETQY,GILGFVFTL,0,1.8421873e-07
AELMNRDDKII,ASSQGTGYGYT,GILGFVFTL,0,6.273366e-08
VVSAGSGTYKYI,SARGRNTGELF,GILGFVFTL,0,1.2087669e-06
AYYGNNRLA,ASSLGDHATSRDYNEQF,GILGFVFTL,0,1.7090842e-05
AASSGGSYIPT,ASTPGQWNSPLH,GILGFVFTL,0,3.2871904e-07
AGAMGGGSQGNLI,ASSFRSSYEQY,GILGFVFTL,1,1.0
AVGAYGGSQGNLI,ASIGAPGVETQY,GILGFVFTL,0,9.929183e-05
AVNARLM,ASSSGGNTEAF,GILGFVFTL,0,2.0262862e-09
AFMSGENSNSGYALN,ASSQAPIPAGELF,GILGFVFTL,0,0.001400739
AVDGGGSQGNLI,ASSLLTGGEQY,GILGFVFTL,0,0.03475395
AYSWETSGSRLT,ASSLELAPRYEQY,GILGFVFTL,0,5.1988165e-09
ALSVPRGAAGNKLT,ASGPYARETQY,GILGFVFTL,0,0.0014111102
AGPLGNQFY,ASSLEGVLEDEQY,GILGFVFTL,0,1.2633106e-08
ARNTGNQFY,ASSYQTGAAYGYT,GILGFVFTL,1,0.9993242
ARDGSGNTPLV,ASSAEGGYEQY,GILGFVFTL,0,0.011411011
AGDYANAGGTSYGKLT,ASSWFRTAKETQY,GILGFVFTL,0,0.06530881
AGPGEYGNKLV,ASSLSGTGGFEQY,GILGFVFTL,0,0.00011564215
AGDGGSARQLT,ASSLDSGGYEQY,GILGFVFTL,0,6.671365e-09
AMSPSNFGNEKLT,ASSQDGPAEF,GILGFVFTL,0,0.032251894
AASGNQFY,ASSLGSGYTQY,GILGFVFTL,0,0.00023567677
ALTDSWGKLQ,SAHWNTEAF,GILGFVFTL,0,2.7085167e-07
ATDDSDGQKLL,ASSSHQDGTSNEKLF,GILGFVFTL,0,5.428934e-06
AVRILTGGGNKLT,ASSLGRGDSPLH,GILGFVFTL,0,1.5576317e-08
ALSVSGNTPLV,SASTLADTYPYNEQF,GILGFVFTL,0,1.4046279e-09
ATDEVGQGGSEKLV,ASSRRTLGASTDTQY,GILGFVFTL,0,1.4206074e-06
AVRDPENRDDKII,SARDPVYSGESSYEQY,GILGFVFTL,0,1.125967e-05
AVRPIGLTGANNLF,ASSSGMSSGNTIY,GILGFVFTL,0,0.99905777
AETPNQAGTALI,SASQGLGYNEQF,GILGFVFTL,0,0.006762892
QYTDKLI,ASSSDRVGEKLF,GILGFVFTL,0,0.0027635396
AVLYGNNRLA,ASSVDWSTEAF,GILGFVFTL,0,6.6340844e-09
AVVSGSGGYNKLI,SVRVDTEAF,GILGFVFTL,0,0.00039303303
AENRNAGNMLT,ASSIGGTGGTEAF,GILGFVFTL,1,2.4007391e-05
AAGAGSYQLT,SASEGGETQY,GILGFVFTL,1,2.0840234e-08
LVGDNPSGTYKYI,ASTGQGSETQY,GILGFVFTL,0,9.933619e-08
AVSLLRDSSYKLI,ASSGGGAWNTGELF,GILGFVFTL,0,9.399434e-07
AVSNQFY,SAQETSFYEQY,GILGFVFTL,0,1.2872736e-09
APLAGGSYIPT,SARDFRGLAGESSYEQY,GILGFVFTL,0,7.22936e-09
AVITMDSNYQLI,ASSVGGNTEAF,GILGFVFTL,0,0.0005402565
AVDTGGFKTI,ASSRNINEQF,GILGFVFTL,0,3.205783e-07
AFIGWKNTGNQFY,ASSSSGGLLDEQF,GILGFVFTL,0,0.072351664
AVLMDSNYQLI,ASSADGMNTEAF,GILGFVFTL,0,0.00029280782
VFYGTSYDKVI,ASSLTAYNEQF,GILGFVFTL,0,8.412082e-06
AVNIGGGSQGNLI,ASSGRSGNEQY,GILGFVFTL,1,1.0
AGESGSEKLV,ASSQDGRAYEKLF,GILGFVFTL,0,4.163179e-06
AVRGGTNAGKST,ASSLGVGQGYNEQF,GILGFVFTL,0,0.0004465282
AVGSNFGNEKLT,ASSLELGAQQY,GILGFVFTL,0,2.7911424e-06
ACMDSNYQLI,ASSDGSNTEAF,GILGFVFTL,0,6.701406e-07
AGARSYQLT,ASSLHSAGKSTDTQY,GILGFVFTL,0,4.1984886e-06
AYSWETSGSRLT,ASSFRANTEAF,GILGFVFTL,0,0.0007350147
AMRPNYGGSQGNLI,ASSPWGGQPGNTEAF,GILGFVFTL,0,2.4780843e-06
ARFGNEKLT,SARDILNTEAF,GILGFVFTL,0,6.319196e-05
AYRSIHSGNTPLV,ASSYEVDGGELNTGELF,GILGFVFTL,0,8.491766e-08
AVRGAETSGSRLT,ASSVGWELMNTEAF,GILGFVFTL,0,1.3242008e-08
ALSDRMDSSYKLI,ASSLGVPGQGRNTEAF,GILGFVFTL,0,1.2828868e-06
AAIIQGAQKLV,ASSQDYRGIGELF,GILGFVFTL,0,2.6218518e-07
VVTSYNNNDMR,ASSQDTGGPQPQH,GILGFVFTL,0,4.691332e-07
LVGRSYNTDKLI,SASGGTSYEQY,GILGFVFTL,0,1.8167902e-10
AGRVLGGGADGLT,SVEEGLNTEAF,GILGFVFTL,0,3.4326987e-08
AASETSYDKVI,ASSPTAPGDNEQF,GILGFVFTL,0,2.2084523e-05
ILRGGGNFNKFY,ASSLSAGGDYEQY,GILGFVFTL,0,5.6114885e-10
AGLRYNFNKFY,ASSFLTGGNRDYGYT,GILGFVFTL,0,2.7879854e-09
AVRDGNYQLI,ASSHTTGTGGSPLH,GILGFVFTL,0,1.9741744e-09
GAALLNDYKLS,ASSWTEIYGYT,GILGFVFTL,0,2.871262e-09
AASPTSNDYKLS,ASTPGAGASYEQY,GILGFVFTL,0,4.1814424e-06
AVMGSSASKII,ATGQGEVQPQH,GILGFVFTL,0,1.0826298e-08
AMREGIGGNKLV,ASSPELWTERNEQF,GILGFVFTL,0,1.573986e-08
AIKGYGQNFV,ASSLGGQGIDEQY,GILGFVFTL,0,6.330949e-10
AVSNSGYALN,ASSQVFGTPTPQH,GILGFVFTL,0,1.8227274e-06
ALNSGYSTLT,ASSHQTGEETQY,GILGFVFTL,0,3.8395686e-07
LVGTPGGNTGKLI,ATSIGTSGNTGELF,GILGFVFTL,0,2.6857053e-08
AASGDDKII,ASSAAKGLAGGREQY,GILGFVFTL,0,0.012683541
AERGNFNKFY,ASSLIAGSETEAF,GILGFVFTL,0,1.793554e-09
AASASGGSYIPT,ASSLGVTEAF,GILGFVFTL,0,2.4600487e-05
AVMDSNYQLI,ASSQEWRGGQETQY,GILGFVFTL,0,3.295394e-08
AEDRYSTLT,SARSGVGNTIY,GILGFVFTL,1,0.9999697
GTEFLTGWNQFY,ASSLAENYGYT,GILGFVFTL,0,6.79006e-09
AASQSNQAGTALI,ASDVGQNTEAF,GILGFVFTL,0,1.3399099e-06
LVGVKPGGGNKLT,ASSHGDTQY,GILGFVFTL,0,1.5981781e-06
ALSVADGQKLL,ASSPLQSSYNEQF,GILGFVFTL,0,9.159046e-05
IALNSNSGYALN,ASSLGGGSYGYT,GILGFVFTL,0,6.528867e-07
VVSETREAGTALI,ASSDSTVPTGELF,GILGFVFTL,0,6.113377e-09
VVKSGGYQKVT,ASSQEQEYTEAF,GILGFVFTL,0,6.7595943e-06
AVNMAPGNTPLV,SARDVGYNEQF,GILGFVFTL,0,2.7325804e-09
AENRNTGKLI,SAKVGGYT,GILGFVFTL,0,0.0026175678
ALYLTGANSKLT,ASGLDRDYGDTQY,GILGFVFTL,0,2.779729e-07
ATVEVSNARLM,AWSVGSDEQY,GILGFVFTL,0,7.382391e-08
AEKKGAAGGFKTI,ASSLADGGSYEQY,GILGFVFTL,0,2.5148767e-08
ALSTNSNSGYALN,ASRSTGTASYNEQF,GILGFVFTL,0,2.3940341e-08
AYRSEWRDDKII,ASSPPIAGGPYNEQF,GILGFVFTL,0,0.0020697117
AMRALTGGFKTI,ASSQDGGPSGTGYT,GILGFVFTL,0,2.1012655e-05
AANRDDKII,ASSQSVYNEQF,GILGFVFTL,0,5.120199e-07
ATEANFGNEKLT,ATSSIAGETQY,GILGFVFTL,0,0.00016734004
ARSGGGADGLT,ASKIALGSTGELF,GILGFVFTL,0,3.25453e-06
AFNNFGNEKLT,ASSYGQAYEQY,GILGFVFTL,0,0.0053560436
AVRGNTPLV,ASSSEFGRSEAF,GILGFVFTL,0,2.009724e-09
AVPVNNAGNMLT,AISESASGGHEQY,GILGFVFTL,0,2.1983175e-09
AFLLNDMR,ASSTPPLSYEQY,GILGFVFTL,0,1.6289098e-08
AASLNNARLM,ASRRFRSGGPVEQY,GILGFVFTL,0,2.2682368e-10
AVEDLGSGGSYIPT,ASSQGHLYEQY,GILGFVFTL,1,0.32310045
GTELVVDSSYKLI,ASSKDRTANYGYT,GILGFVFTL,0,8.673323e-05
AVDGETSGSRLT,ASSRRPSYEQY,GILGFVFTL,0,8.412239e-05
AVRNYGQNFV,ASSPAGNYNEQF,GILGFVFTL,0,1.4015264e-07
AVWWAQKLV,ASSDRGVSYNEQF,GILGFVFTL,0,7.6917335e-05
APNAGGTSYGKLT,ASSSRGRNNEQF,GILGFVFTL,0,4.5848165e-09
VVNGKDSSYKLI,ASSEGQVAPGELF,GILGFVFTL,1,0.9997499
AVGSGYSTLT,ASSLAVGGANEQF,GILGFVFTL,0,1.6602573e-07
VPAGNTPLV,ASSLSLGGGELF,GILGFVFTL,0,3.1465353e-10
AYSWETSGSRLT,ASSQVFGTPTPQH,GILGFVFTL,0,3.5094074e-06
VVSARGHNTDKLI,ASSLGTNMNTEAF,GILGFVFTL,0,4.5827947e-10
LLGSLMNYGGSQGNLI,ASSVRAASEQY,GILGFVFTL,1,0.038042396
AYNTDKLI,ASSRGPGGNQPQH,GILGFVFTL,0,3.8451017e-07
AVAGNQFY,ASSQGVGGWNEQY,GILGFVFTL,0,1.9252124e-05
AYNGRGSTLGRLY,ASSLVLDSPLH,GILGFVFTL,0,0.00016334653
AGAGDSNYQLI,ASSFGQGDYEQY,GILGFVFTL,0,0.542278
LVGGAGSYQLT,ASSQDGTGINYGYT,GILGFVFTL,0,1.1081932e-09
VVNQAGTALI,ASNGDRIRDTIY,GILGFVFTL,0,6.1362252e-06
VVNQAGTALI,ASSPDGGSYNEQF,GILGFVFTL,0,5.7879083e-07
AASQGGNQFY,ASSLSGVLGELF,GILGFVFTL,0,1.1996514e-07
AAHTSGTYKYI,ASSVDGGGYNEQF,GILGFVFTL,0,3.2482865e-05
AVGVHGNNRLA,ATDLGGDQAMNTEAF,GILGFVFTL,0,5.9375185e-07
AVSAGGSYIPT,ASSDKPGLGNEQF,GILGFVFTL,0,1.647411e-05
AVNGGANNLF,ASSQEVFMNTEAF,GILGFVFTL,0,2.867635e-06
AVSTNARLM,ASSSLSIGQGENIQY,GILGFVFTL,0,1.9917103e-07
ILIGGGTSYGKLT,ASSLEQGAGYT,GILGFVFTL,0,8.118153e-06
AVNTGTASKLT,ASTVGL,GILGFVFTL,0,0.030571878
AVIYTNYGGSQGNLI,ASSIYSNQPQH,GILGFVFTL,1,0.999984
AESDLNTGFQKLV,SARDLAGGHYEQY,GILGFVFTL,0,1.0767803e-06
AVGGGADGLT,ASSLAGPLGAF,GILGFVFTL,0,0.021259159
AESFNDYKLS,ASSPGGNNEQF,GILGFVFTL,0,1.8793151e-05
ALSLDSNYQLI,SARDDNTGELF,GILGFVFTL,0,0.108709484
AVFSSGNTPLV,ASSEEGVGYEQY,GILGFVFTL,0,1.5717762e-10
APPTERSQGNLI,ASSLVSGTSGGPTYNEQF,GILGFVFTL,0,1.8303885e-08
AVESYSGNTPLV,ASRDLTENTEAF,GILGFVFTL,0,0.00022616982
AGPPHAGGTSYGKLT,ASGPAGGENTGELF,GILGFVFTL,0,0.00010755796
ALTTDSWGKLQ,ASSSQDRGTEAF,GILGFVFTL,0,1.3476812e-06
AVEDRTYNTDKLI,ASSEGTGVGTEAF,GILGFVFTL,0,1.0026177e-09
AAGQAGNMLT,SASTGIDT,GILGFVFTL,0,0.006602645
ALSGYTGTASKLT,ASSLGLDNEQF,GILGFVFTL,0,5.241993e-08
IGFPYGGATNKLI,ASSVGQLGYT,GILGFVFTL,0,0.00078326464
AVQADEGGSYIPT,CMGKSAGELF,GILGFVFTL,0,1.4475415e-07
AVSLSNYQLI,AWSGAGSYEQY,GILGFVFTL,0,3.1871405e-08
AYEETSGSRLT,ASSNYGGEGEQY,GILGFVFTL,0,6.396252e-07
AVNNFNKFY,ASNPRGPENTSSYEQY,GILGFVFTL,0,1.4252367e-07
AMRGFYGGSQGNLI,ASTFIGQTYTDTQY,GILGFVFTL,0,2.4490632e-07
GTDDNNDYKLS,SASGLIGGAPYNEQF,GILGFVFTL,0,1.7293029e-05
GPGGGNKLT,ASSLTGEHLSYEQY,GILGFVFTL,0,3.608231e-09
TERGSQGNLI,ASSLGTVMNTEAF,GILGFVFTL,0,0.013218701
AVEDYGGSQGNLI,ASSDRRGTEAF,GILGFVFTL,0,3.064231e-08
ALHMEYGNKLV,SARDPVYSGESSYEQY,GILGFVFTL,0,9.348447e-06
AADRAGSYQLT,ASSEVNQPQH,GILGFVFTL,0,1.4194889e-06
VVNDPDKLI,ATDLGGDQAMNTEAF,GILGFVFTL,0,8.22041e-07
AENNYGQNFV,ASAQGAGYYEQY,GILGFVFTL,0,3.359552e-05
ALSVVKNTGNQFY,ASSPPARGRNSGANVLT,GILGFVFTL,0,1.0586027e-07
VVSDAGADGLT,SAMSRDPYNEQF,GILGFVFTL,0,4.6381754e-07
ILRDGSGGSNYKLT,ASSLAYGSSYEQY,GILGFVFTL,0,0.0005301237
AYRSADRDDKII,ASSQVLAVSYNEQF,GILGFVFTL,0,1.460789e-06
VVSAQTGANNLF,ASSLYGQGKRQPQH,GILGFVFTL,0,8.753686e-07
AVLYSGGGADGLT,ASSGVGGKF,GILGFVFTL,0,0.0004709363
AYYMGTYKYI,SAREGTGTGNQPQH,GILGFVFTL,0,1.5190932e-06
AGENGNQFY,ASSLAPGGGYSGELF,GILGFVFTL,0,5.0991304e-08
ASSHAGNNRKLI,ASSGGSSEAF,GILGFVFTL,0,2.1206812e-08
AGGKETSGSRLT,ASSLGQGVSQPQH,GILGFVFTL,0,1.5017445e-08
AVMDSSYKLI,ASSDSTSGADTQY,GILGFVFTL,0,1.1517218e-06
VPSGGSYIPT,ASSFPGKRGEQF,GILGFVFTL,0,8.7716645e-10
AVQAEGGATNKLI,ASSFTGWGYGYT,GILGFVFTL,0,9.0842284e-10
AVRELRSWGKLQ,ASNVQGNTGELF,GILGFVFTL,0,5.7600046e-06
AALDSNYQLI,ASSDPPGASGRNEQF,GILGFVFTL,0,7.31575e-09
AESLFGNEKLT,AISESPAERQELTMKQF,GILGFVFTL,0,3.7054249e-10
VVNMAGGSYIPT,ASSSSGGADTQY,GILGFVFTL,0,1.4710642e-08
AFTHPHTGANSKLT,ASSPPGEQY,GILGFVFTL,0,5.318486e-05
LVGDLTDKLI,ASSQDRNTIY,GILGFVFTL,0,4.387671e-10
AASGGHSGGGADGLT,ASSMTGPYEQY,GILGFVFTL,0,6.761442e-05
ACDISGNTPLV,ASSHSSGSLNEQF,GILGFVFTL,0,1.6674105e-07
AVKDSNYQLI,ASSQETPGSYNEQF,GILGFVFTL,0,2.690901e-07
ALNDYKLS,ASSERGLIAASLTNYGYT,GILGFVFTL,0,6.15823e-05
ATDEDNNNDMR,ASSSRGRSNQPQH,GILGFVFTL,0,0.036192715
AYRRSSGDKLT,AGTGSSYNEQF,GILGFVFTL,0,0.0015775561
ARMDSNYQLI,ASSITGFNQPQH,GILGFVFTL,0,3.2595433e-06
AVRSGWAGGFKTI,AWSVPGDLSSYEQY,GILGFVFTL,0,2.4089104e-07
ALSGMDGGTSYGKLT,ASSMGQGTLSAF,GILGFVFTL,0,2.0585185e-08
AVNKVGNEKLT,ASSFWAGTGALPGANVLT,GILGFVFTL,0,2.924696e-06
AESIPSASKII,ASSLERGYEQY,GILGFVFTL,0,6.2360346e-07
AVQESGGGADGLT,ATRSSLGNTEAF,GILGFVFTL,0,8.149087e-08
LVGVFTSGNTPLV,SARDPPASSYEQY,GILGFVFTL,0,1.00084406e-10
LVAPPGFSGGYNKLI,ASSPGTGAYGYT,GILGFVFTL,0,4.5878696e-07
ATDAENDYKLS,ASRPGTGTFEQY,GILGFVFTL,0,0.034145683
AVSGLDVRGNEKLT,ATRDGTGSGNTIY,GILGFVFTL,0,2.8118141e-09
APAYYGGSQGNLI,ASSGPTGSEQY,GILGFVFTL,0,0.0019495785
ALDLGSRKYSSASKII,ASSLEGATGDTQY,GILGFVFTL,0,1.08747567e-10
AYRSLYAGNNRKLI,ASSQRTDSYEQY,GILGFVFTL,0,6.930742e-05
VDSAWANSGYALN,ASSSDLREQF,GILGFVFTL,0,6.0276314e-08
VVNSNSGYALN,ASSELTGSNQPQH,GILGFVFTL,0,9.791144e-07
AFLSGAGSYQLT,ASSLQKRSTDTQY,GILGFVFTL,0,2.3650546e-05
VVNNDYKLS,ASSLWASGSSYNEQF,GILGFVFTL,0,0.0013576448
AAVHHNNNDMR,ASSLLAPTLSHDTQY,GILGFVFTL,0,6.722962e-06
AVIEGFGNVLH,ASSPRLLAGGNEQF,GILGFVFTL,0,2.4341755e-08
AGLGRDSSYKLI,ASSPGTFGQPQH,GILGFVFTL,0,0.23998794
AASRGDDKII,ASSQGTGYGYT,GILGFVFTL,0,2.222726e-08
AYRAGNNRKLI,ASSYSASSIREAF,GILGFVFTL,0,9.906703e-10
VVNVEGRRALT,AISDLDRGDTDTQY,GILGFVFTL,0,1.031516e-06
AVILRDAGNMLT,ASSWRGQGNGRGNYGYT,GILGFVFTL,0,2.1416966e-08
AESKRSRDDKII,ASSLEAGGYNEQF,GILGFVFTL,0,3.816689e-09
GTVTSGGSYIPT,ASSNGLAGGDEQY,GILGFVFTL,0,0.00024345517
AFRWDNNDMR,ASSVDLGLAGETQY,GILGFVFTL,0,1.44371725e-05
ALNTGGFKTI,ASSYSTSSSTDTQY,GILGFVFTL,0,1.5372087e-05
AGNTNAGKST,ASSFGAITDTQY,GILGFVFTL,0,0.0010224581
VVSEGNTPLV,ASSLQAGISYEQY,GILGFVFTL,0,1.5034642e-08
VRTDSSYKLI,ASSLQGGSGGYT,GILGFVFTL,0,4.065221e-05
AASDNAGNNRKLI,ASSEYTGDTEAF,GILGFVFTL,0,3.405972e-08
AYRISYGQNFV,ASSQSDRGAEAF,GILGFVFTL,0,1.2865348e-07
AVSSGANNLF,ATSGGQGPYQPQH,GILGFVFTL,0,1.2483659e-07
LVGASGGSYIPT,ASSLVKASGRDEQY,GILGFVFTL,0,3.1345446e-09
AYRLPSSGGSNYKLT,ASSLSLQPQH,GILGFVFTL,0,0.00013789535
AASTDGQKLL,ATGTSGGDGELF,GILGFVFTL,0,1.1397154e-07
ARNTGNQFY,ASSPTTGTGNYGYT,GILGFVFTL,1,0.99601114
AYRRYNNNDMR,ASSLADFKNIQY,GILGFVFTL,0,6.0247953e-07
AYSWSGNTPLV,ASSLEQGELF,GILGFVFTL,0,4.4588012e-07
GTESSGTYKYI,ASSYSETQY,GILGFVFTL,0,1.5099446e-06
VVSAESGNTPLV,ASSLWTGMAEAF,GILGFVFTL,1,1.3277183e-07
ALSEYTGGFKTI,ASRATSGRAPVGTDTQY,GILGFVFTL,0,3.907364e-05
AVERSYGANNLF,ASIPGVSYEQY,GILGFVFTL,0,2.0701784e-05
AYRLPTYSGGGADGLT,ASSRAGGTEAF,GILGFVFTL,0,0.038021296
AVSHGGSQGNLI,ASSIRSSYEQY,GILGFVFTL,1,0.9999824
AGGNNNARLM,ASSLGASTEAF,GILGFVFTL,0,3.3980039e-06
ALSGYNFNKFY,ASSPISNPYEQY,GILGFVFTL,0,0.003259778
AVNARNAGNMLT,ASSLVVENTEAF,GILGFVFTL,0,9.513279e-09
AESEVAGNMLT,ASSSRGADSNQPQH,GILGFVFTL,0,0.020849228
AANRGANNLF,ASSPYRETGEQF,GILGFVFTL,0,1.9243284e-08
AVLYSSASKII,ASSQDRGTRWYEQY,GILGFVFTL,0,2.9700195e-06
AYGDYKLS,ASSSRHYEQY,GILGFVFTL,0,3.1355705e-07
AGAHGSSNTGKLI,ASSSRSAYEQY,GILGFVFTL,1,1.0
AGMDSSYKLI,ASSEDFGGGALQETQY,GILGFVFTL,0,0.00010642477
LVGDRGNTGRRALT,ASSQDPRSEQY,GILGFVFTL,0,1.2550106e-08
AASARASYDKVI,ASSWTGETGNYGYT,GILGFVFTL,0,6.1130856e-09
GTVIAGGSQGNLI,ASSTRSTDTQY,GILGFVFTL,1,1.0
AATRGGSQGNLI,SARDLRGMNTEAF,GILGFVFTL,0,1.0099982e-06
ATALGQNFV,ATSGTLGTEAF,GILGFVFTL,0,1.7151909e-07
AARGTGTASKLT,ASSLEGYGSPLH,GILGFVFTL,0,9.851613e-07
AGAAGNKLT,ASASGFYEQY,GILGFVFTL,0,6.8317877e-07
AGEEGFGNVLH,ASSDLRPQH,GILGFVFTL,0,7.7081745e-09
AVRYGQNFV,ASSLRAGSPGETQY,GILGFVFTL,0,0.0016556978
AVADSNYQLI,SARVGGGAEVQY,GILGFVFTL,0,0.0047884583
APRGSVYNTDKLI,ASSINSGNEQF,GILGFVFTL,0,6.0196436e-07
AVMDSNYQLI,ASSQVGSWGEGGTEAF,GILGFVFTL,0,0.0004916191
AVAGDGNEKLT,ASSHYPGQVNTEAF,GILGFVFTL,0,0.0010718107
VGDTGRRALT,ASSFGETQY,GILGFVFTL,0,1.8181753e-08
AENAGNMLT,ASSPAGEADTQY,GILGFVFTL,0,6.871462e-09
AVARRGGATNKLI,SVDQGGGTEAF,GILGFVFTL,0,2.9337788e-09
AGLNTGFQKLV,ASNPEVPGLAGTRAYEQY,GILGFVFTL,0,1.7493453e-07
LVGGNYGGSQGNLI,ASSYSGRPELTGELF,GILGFVFTL,0,1.7857075e-06
VVSGFQKLV,ASSSHDWGGQGSPLH,GILGFVFTL,0,3.8545135e-08
AASIRGNQFY,ASSRTGGFDNQPQH,GILGFVFTL,0,2.3048018e-05
AESIRNAGNMLT,ASSLDSNYGYT,GILGFVFTL,0,1.04128254e-07
VVNPSSGNTPLV,ASSIITDTQY,GILGFVFTL,0,5.9769036e-08
AMSPYNTDKLI,ASSAEDRYEQY,GILGFVFTL,0,1.2335514e-07
AVDTDKLI,AIRRGDTEAF,GILGFVFTL,0,2.3105025e-08
AMREGLKGYQKVT,ASSLAGPLGAF,GILGFVFTL,0,0.0116238
ASGGYQKVT,ASSFPSGGVNTGELF,GILGFVFTL,0,3.1301417e-07
VVNPTGGSYIPT,ASSGWPNTEAF,GILGFVFTL,0,2.9539086e-07
AVEDKDSNYQLI,ASSPFRGLTNTGELF,GILGFVFTL,0,0.00010381499
QVL,ASSQGSPTEQF,GILGFVFTL,0,0.94192994
AASWAIKLT,ASTEPQAQETQY,GILGFVFTL,0,2.2458566e-09
ASANTGTASKLT,ASSVSYRGSTEAF,GILGFVFTL,0,2.1537937e-06
AVDPGVTDKLI,ASSDEPQGNTDTQY,GILGFVFTL,0,3.571042e-06
ARDGSGNTPLV,ASSEEGGYEQY,GILGFVFTL,0,0.0010667145
AVENDMR,ASSYSRGGGNTDTQY,GILGFVFTL,0,2.1561243e-06
AVASNTDKLI,SASRGIEQY,GILGFVFTL,0,2.0033976e-05
VVNLSNDYKLS,ASMSGYGYT,GILGFVFTL,0,4.913509e-06
ARNTGNQFY,ASSPKTGTAFYGYT,GILGFVFTL,1,0.99833405
VVSERGGGSYIPT,ASSPAGNYNEQF,GILGFVFTL,0,2.172357e-10
ALIPYSGAGSYQLT,ASSLGQGAGQPQH,GILGFVFTL,0,8.258099e-06
AVYADGQKLL,AGGPGLNTEAF,GILGFVFTL,0,0.012111396
VVNRRQAGTALI,ASSSVNEQY,GILGFVFTL,1,2.0319389e-05
AVPVRAGSYQLT,ASSLWVNEQY,GILGFVFTL,0,9.436588e-06
AVGAGNQFY,ASTDTATQY,GILGFVFTL,0,1.7409646e-06
AYRSNFGNEKLT,AVGTDENTEAF,GILGFVFTL,0,2.136678e-08
AFMKRLNYGQNFV,ASSERKGPNTEAF,GILGFVFTL,0,0.0023213327
AVQAFDDYKLS,SARDLSRNNEQF,GILGFVFTL,0,2.1630679e-07
AMRGRFSDGQKLL,ASSYSPRQGVYEQY,GILGFVFTL,0,7.5401205e-09
LQRGAQKLV,ASSSWEGPQTYEQY,GILGFVFTL,0,4.5814423e-09
AMSARGFGNVLH,ASSFESDYTDTQY,GILGFVFTL,0,5.345204e-10
AASIRGNNRLA,ASSLGAAPGSYGYT,GILGFVFTL,0,3.2099084e-08
AALPLPSPANTGNQFY,ASSWAGGIETQY,GILGFVFTL,0,1.7749898e-07
AYRSEDSNYQLI,AISVEDRVLDTQY,GILGFVFTL,0,5.0944914e-07
ALNKLS,ASSLDRVEQY,GILGFVFTL,0,3.1783125e-07
LVGDQAGTALI,ASSQELRSPYEQY,GILGFVFTL,0,2.0439721e-08
VVSMDTGRRALT,ATSSSVGRQPQH,GILGFVFTL,0,2.278659e-08
AASPWVNAGNNRKLI,ASSFGTFGSQPQH,GILGFVFTL,0,1.5322345e-06
VVNDAGNMLT,ASSVPNSNEQY,GILGFVFTL,0,2.8656428e-09
AVEDSYNTDKLI,ASSSGQVYEQY,GILGFVFTL,0,1.8004161e-07
AVMSGGSQGNLI,ASSTTGADEQF,GILGFVFTL,0,0.9667456
AASGGEKLT,ASSLTGFYEQY,GILGFVFTL,0,1.2575069e-07
AMRNTGGFKTI,SANRGTGYDTQY,GILGFVFTL,0,4.682553e-09
AVTFMASGSRLT,ASTLRQGWDQETQY,GILGFVFTL,0,1.851676e-05
AGFENTGFQKLV,ASTPFERANEQF,GILGFVFTL,0,1.3522123e-05
AANQGAQKLV,ASSVRSTDTQY,GILGFVFTL,1,0.99982584
GTEDPMGDYKLS,ATGTSDYNEQF,GILGFVFTL,0,3.2976637e-08
AVERNNDMR,ATGLAHNEQF,GILGFVFTL,0,0.00044491887
VGGSGGYNKLI,ASSQGGALNTEAF,GILGFVFTL,0,1.042463e-07
AATHNFGNEKLT,ASSPTGGRNTEAF,GILGFVFTL,0,2.0009918e-05
AYRSVENTGNQFY,ASSDGQGGWTEAF,GILGFVFTL,0,2.1450543e-05
ATDEGFGNEKLT,SVEGGGSDTEAF,GILGFVFTL,0,1.5119546e-10
ATGNTGFQKLV,ASSYNRINTEAF,GILGFVFTL,0,1.2074431e-06
AVGRTDSWGKLQ,ASSELRGQDTQY,GILGFVFTL,0,1.7070438e-06
AGGNTGKLI,ASSLVATNEKLF,GILGFVFTL,0,1.330892e-06
LVGASIGFGNVLH,ASSLGGGSNQPQH,GILGFVFTL,0,1.2807061e-06
AYRSQGGSEKLV,ASSLGIGGSTEAF,GILGFVFTL,0,1.8388822e-05
VVNMRGAQKLV,ASSVGRGGNGNEQF,GILGFVFTL,0,3.6732494e-08
APIYNTDKLI,ASGTRSAQETQY,GILGFVFTL,0,0.8057741
AESRGNAGNNRKLI,ASSQGFSYEQY,GILGFVFTL,0,4.8486527e-06
ALSTTDKLI,ASSHGLAGVNEQF,GILGFVFTL,0,5.0493967e-05
AAYSGAGSYQLT,ASSSGLGEQY,GILGFVFTL,0,9.042728e-05
AGGESGGFKTI,ASSQDRGFREQY,GILGFVFTL,0,4.9289525e-07
ATDDYKLI,ASSPDTSVYEQY,GILGFVFTL,0,9.287079e-08
AYRSANQGGSEKLV,ASSVGFNYGYT,GILGFVFTL,0,5.3080777e-07
ARFISNFGNEKLT,ASSYSWDDRDSMKF,GILGFVFTL,0,0.007062018
AVKEYGNKLV,ASRLAGGDNEQF,GILGFVFTL,0,7.755617e-09
AASSGMDDMR,ASSLGQGHSPLH,GILGFVFTL,0,6.464934e-10
AGASGNTGKLI,ASSMRSSYEQY,GILGFVFTL,1,0.9999997
AYRISYGGSQGNLI,ASRLDRGLSYEQY,GILGFVFTL,0,2.527341e-06
ALRDSGAGSYQLT,ASSLGHPSGEQY,GILGFVFTL,0,7.264362e-08
AVSTYGGSQGNLI,ASSVDLGLAGETQY,GILGFVFTL,0,0.0004911423
GTEVAGGGADGLT,ASSFTLAGESF,GILGFVFTL,0,7.368131e-05
AMRGHEAGTALI,ASSESRTGNTIY,GILGFVFTL,0,5.675543e-07
AVRVSGGQKLL,ASSPRDSLTPYNEQF,GILGFVFTL,0,0.0001282692
AYPNTGNQFY,SASTKGTVEAF,GILGFVFTL,0,0.3951826
AESSSQAGTALI,ASSQSPGGTQY,GILGFVFTL,1,0.9999914
AVMDSNYQLI,ASSDVGGAGANVLT,GILGFVFTL,0,1.3964499e-05
ACPTQGGSEKLV,ASSPGGWDTYEQY,GILGFVFTL,0,0.00040969253
VVNGFGNEKLT,ASGLGQGLETQY,GILGFVFTL,0,1.734107e-07
AVDSNSGYALN,ASSLETTGKGYT,GILGFVFTL,1,0.00084736943
AASGDEKLT,ASSLAGGPPYEQY,GILGFVFTL,0,3.0978904e-07
GTGSQGGSEKLV,ASSDDGGYTGELF,GILGFVFTL,0,5.4481916e-06
APRLILTGGGNKLT,ASSIRAGGRNEQF,GILGFVFTL,1,0.0006673932
AVLDTGRRALT,AWSETGFHQPQH,GILGFVFTL,0,2.4812684e-07
AGYNNNDMR,ASSVAGELF,GILGFVFTL,0,0.40552348
AASDGNKLV,ASSLNQGDPTYEQY,GILGFVFTL,0,2.7882996e-07
AVQGGFGNVLH,ASSWGQGNTIY,GILGFVFTL,0,2.726406e-09
AGPEAGGTSYGKLT,ASSHLGQGYGYT,GILGFVFTL,0,9.943258e-10
AARTAARLM,ASSADRIEQF,GILGFVFTL,0,6.076584e-07
AVIDNYGQNFV,ASSLVTGNEQF,GILGFVFTL,0,0.010731727
AAGTGNQFY,ASSLRTGEETQY,GILGFVFTL,0,0.00024107099
AVRNTGGFKTI,ASSQVFGTPTPQH,GILGFVFTL,0,0.012889028
GADWGNTGKLI,ASSLNGYSLRAF,GILGFVFTL,0,3.2087928e-07
AVNARNAGNMLT,ASSTRGGAGGDNEQF,GILGFVFTL,0,2.20181e-06
AYRAYNADKLI,ASSPTGGNQPQH,GILGFVFTL,0,1.152314e-06
AFMLNFGNEKLT,ASSVGTPRETQY,GILGFVFTL,0,2.7847042e-05
AYRSANYGGSQGNLI,ASSLWDRGHYGYT,GILGFVFTL,0,1.8529397e-08
AEDRNARLM,SARDRGLGNTIY,GILGFVFTL,0,0.99964595
AEGYSSASKII,ASSLGGSNQPQH,GILGFVFTL,0,3.1543483e-09
AMSGSNFGNEKLT,SASRTVDRGDYGYT,GILGFVFTL,0,1.4677227e-09
AYRSAIEYGNKLV,ASSPIHGGELF,GILGFVFTL,0,3.431074e-07
AVNEDTGRRALT,ASSQVEEGERGYT,GILGFVFTL,0,1.4726391e-08
AYNTDKLI,ASTPLAGGYNEQF,GILGFVFTL,0,1.1023859e-06
AASARGGSEKLV,ASGDRVQETQY,GILGFVFTL,0,3.5465753e-06
ALSDRNGGSTLGRLY,ASSDSGGGLYNEQF,GILGFVFTL,0,1.605735e-05
AVEDTGTYKYI,ASSKGGELF,GILGFVFTL,0,3.5180825e-10
ALSSFGNVLH,ASTLDRDYGYT,GILGFVFTL,0,3.2481204e-10
AVSTYGGSQGNLI,ASSFLTGGNRDYGYT,GILGFVFTL,0,3.9726997e-06
VVNAANTDKLI,ATSDLGGSWQTQY,GILGFVFTL,0,2.5306451e-06
AASDLGGNKLV,ASSQVPLSGRAIALTGELF,GILGFVFTL,0,5.510528e-09
AVYGGATNKLI,ASRIGTGGHSPLH,GILGFVFTL,0,2.0237014e-06
AGARSYQLT,SARDLTSGSYNEQF,GILGFVFTL,0,1.3354475e-06
LGIEGYSGAGSYQLT,ASRGQDNEKLF,GILGFVFTL,0,3.169766e-06
AYSSNNDMR,ASSAVSYEQY,GILGFVFTL,0,7.5810644e-06
AVIGFGNVLH,ASTVLQGNYEQY,GILGFVFTL,0,4.438126e-08
AVSGSARQLT,ASSPGSGTGGN,GILGFVFTL,0,0.017530262
AYIGARVHGYALN,ASSTTSGGDEQF,GILGFVFTL,0,0.0018958151
APWATDSWGKLQ,ASSDTGTHEQY,GILGFVFTL,0,3.321099e-07
AACTNAGGTSYGKLT,ASSQDGAGGATDTQY,GILGFVFTL,0,7.529302e-08
ALLSYGGTYKYI,SAPGGARLDTQY,GILGFVFTL,0,3.224427e-06
APDPGGTSYGKLT,ASSAEGGYEQY,GILGFVFTL,0,6.1619314e-05
ALSEYTGGGNKLT,ASSFLTGGNRDYGYT,GILGFVFTL,0,2.9439597e-08
AVLKGDMGQGGSEKLV,ASSLGRGWTLYEQY,GILGFVFTL,0,0.00055608153
LVGDPYTNAGKST,ASRRDRGGEKLF,GILGFVFTL,0,1.7089357e-09
AADSNYQLI,ASSPRWGWSASTEAF,GILGFVFTL,0,1.7164443e-07
ALTDTGRRALT,ASSQGGRYNEQF,GILGFVFTL,0,1.8866299e-08
ISAGGTSYGKLT,ASSRQGAITDTQY,GILGFVFTL,0,6.0706127e-05
ATENTGGFKTI,ASSPWGGFENEQF,GILGFVFTL,0,8.555712e-05
LVGAPNAGNNRKLI,ASNPGIGRDTQY,GILGFVFTL,0,1.5660218e-10
AMRDSWGNEKLT,ASSLETSAETQY,GILGFVFTL,0,4.4493863e-06
AYSGGSNYKLT,ASSYRGGTEAF,GILGFVFTL,0,0.0003284514
AATYSGYSTLT,ASSPGEGREPYEQY,GILGFVFTL,0,1.2767111e-06
VVSDLKGFGNVLH,ASSYGGTSTDTQY,GILGFVFTL,0,9.119445e-08
AGEDFKAGGTSYGKLT,ASSPRTNGRYEQY,GILGFVFTL,0,0.002571404
AAYSGGGADGLT,ASRSMNAGTAF,GILGFVFTL,0,3.4015426e-09
ALIDNSGNTPLV,SASRGPDEQF,GILGFVFTL,0,0.0038194656
ANGGSQGNLI,ASSIRSSYEQY,GILGFVFTL,1,1.0
ASGGGADGLT,ASSRTGYLETQY,GILGFVFTL,0,7.233933e-07
GTEGWRNRDDKII,ASRGNGGNQPQH,GILGFVFTL,0,1.9373285e-08
AVKDTDKLI,ASSLDLGQGGRNEQF,GILGFVFTL,0,1.0704338e-07
AGGSQGNLI,STNEAPGGVKNYGYT,GILGFVFTL,0,0.981133
AATLGSGTYKYI,ASSSYNEQF,GILGFVFTL,0,5.5902574e-06
AARVDTGNQFY,ASTLDTYGYT,GILGFVFTL,0,1.126543e-08
VVSDYNQGGKLI,AISNPGANVLT,GILGFVFTL,0,1.1610709e-07
AVYSSASKII,ASSIALRTANTEAF,GILGFVFTL,0,1.8122704e-06
ALGGSQGNLI,ASSLGRSTGELF,GILGFVFTL,0,0.77309155
ATSGTYKYI,AISRGGNTEAF,GILGFVFTL,0,8.4238303e-07
AGPWGNKLV,ASRGSLTSYEQY,GILGFVFTL,0,6.168731e-06
AVYSGGGADGLT,ASSQDPTSRYEQY,GILGFVFTL,0,4.912917e-05
AVSGDTGGFKTI,ASSGEGDVSNTGELF,GILGFVFTL,1,0.018307716
VVNGADSSYKLI,ASSEGRVAPGELF,GILGFVFTL,1,0.18247747
AVMETSGSRLT,ASSIGTSGQETQY,GILGFVFTL,0,0.0026002526
ARCLEHAGNQFY,ASSYQIPTGELF,GILGFVFTL,0,3.7101847e-06
LVGDYAGNNRKLI,ASSLGQRTDTQY,GILGFVFTL,0,1.7276361e-09
AASHLGGSYIPT,ATSEDSNQPQH,GILGFVFTL,0,1.5830906e-08
VVNMDGGQKLL,ASRTPDRDYEQY,GILGFVFTL,0,0.00016698241
ATVASKLT,ASTPTGLGVDEQF,GILGFVFTL,0,1.129967e-06
AYRSAYGETSGSRLT,ASSLVSWDLASYEQY,GILGFVFTL,0,7.3099193e-09
AGEEYYNTDKLI,ASSFGAGYT,GILGFVFTL,0,5.8973274e-07
LVGDMQDNNNDMR,ASSQGTGMNTEAF,GILGFVFTL,0,3.635815e-06
ASRDNFNKFY,ASSYSQVGARVNEKLF,GILGFVFTL,0,8.037619e-06
ALSISGYSTLT,ATLHKTGDNQPQH,GILGFVFTL,0,3.836507e-08
VSVSYNTDKLI,SVEGQGDPSYEQY,GILGFVFTL,0,1.1259004e-05
AENIGGGADGLT,SVEDQPWGRVTEAF,GILGFVFTL,0,0.13995212
VVPKAGGSYIPT,ASSQEGGGGYEQY,GILGFVFTL,0,9.280887e-05
IVRVNAGGTSYGKLT,ASSPLAGAEQF,GILGFVFTL,0,0.0012921989
AVLEGFGNVLH,ASSLNRGSEETQY,GILGFVFTL,0,3.2881073e-10
ALSVDRFSDGQKLL,ASSLTVNTEAF,GILGFVFTL,0,8.555626e-08
AVRDWNTDKLI,ASSFQKNQPQH,GILGFVFTL,0,0.005669415
GTEGAGNNRKLI,ASSLGDHATSRDYNEQF,GILGFVFTL,0,2.7349583e-07
AGINSGYALN,ASSLGGGTTDTQY,GILGFVFTL,0,5.3303926e-09
VVNGGDSSYKLI,ASSPPELAPNEQF,GILGFVFTL,1,1.1340472e-05
AVRDHNTDKLI,SPRGPTSSYNEQF,GILGFVFTL,0,4.6405358e-08
AMREPYFGAGSYQLT,ASSLSGAGSGNTIY,GILGFVFTL,0,3.542914e-06
AVLDNYGQNFV,AISGGAAGLRTEAF,GILGFVFTL,0,2.6765004e-08
ALRSGRGSTLGRLY,ASSSISGGAIGNEQF,GILGFVFTL,0,2.0709998e-05
VVIGGYNKLI,ASSPHERATDTQY,GILGFVFTL,0,0.00017496943
LVGGVQRGSTLGRLY,ASSPYEDIYT,GILGFVFTL,0,5.2638177e-07
AGTHPTSNTGKLI,ASSIFSQAMEQF,GILGFVFTL,1,0.06078902
ALNTGGFKTI,ASSLAVWPPGELF,GILGFVFTL,0,1.594576e-08
LVGDRNYGGSQGNLI,ASSPSGSYNEQF,GILGFVFTL,0,7.887669e-10
ILTNFGNEKLT,AAQRGEQY,GILGFVFTL,0,0.00014689565
AVGAPDNFNKFY,ASSGSGEQF,GILGFVFTL,0,1.5360112e-09
VVTPTGGSYIPT,ATSDPKGQDPYEQY,GILGFVFTL,0,2.8758123e-08
AVDMPGNQFY,ASSLVWSSTQY,GILGFVFTL,0,1.0014528e-07
AGGFTGNQFY,ASSSGYRGHYGYT,GILGFVFTL,0,1.4516813e-08
AASESGSARQLT,ASSLNRANYNEQF,GILGFVFTL,0,7.674449e-09
AMSFFTGGGNKLT,ASSYGPTTGTLNEQF,GILGFVFTL,0,7.3633464e-09
GTEIWYGNKLV,ASSFFGGAGEQF,GILGFVFTL,0,0.0674122
AARGVKTSYDKVI,SANWLNVGTGQETQY,GILGFVFTL,0,5.8926717e-09
ILSKNTPLV,ASSPLAGVNTGELF,GILGFVFTL,0,3.7191563e-07
AVWLS,ASSVRQGSTDTQY,GILGFVFTL,0,1.8780538e-05
AGVDSNYQLI,ASSEEDRVGNQPQH,GILGFVFTL,0,5.655333e-08
ATDAQGNMLT,ASSTSGALGPDTEAF,GILGFVFTL,0,1.10554065e-05
ILRNGGSQGNLI,ASSFWASVLETQY,GILGFVFTL,0,0.002131015
AASSMNTGFQKLV,ASNNVGASYEQY,GILGFVFTL,0,1.6311164e-09
AGQLSRNNNARLM,AISESGQSPNNEQF,GILGFVFTL,0,2.1709115e-10
AGQLSTGNQFY,ASSVEGSRGTEAF,GILGFVFTL,0,1.6335115e-08
ASWGDDYKLS,ASSLEGGYTDTQY,GILGFVFTL,0,3.1662083e-07
AVNYPLPNDYKLS,ASSPTSGENTGELF,GILGFVFTL,0,0.15752381
AVGLGGGSQGNLI,ASSVRSTDTQY,GILGFVFTL,1,1.0
AIYNTDKLI,ASSVEAGGYEQY,GILGFVFTL,0,3.789882e-05
AMISNRDDKII,ASSPSGGTRF,GILGFVFTL,0,0.017693251
AVSGGKST,SARILDRQNTEAF,GILGFVFTL,0,0.016330779
AVSGSNDYKLS,ASSVAANYGYT,GILGFVFTL,0,0.0016076267
ALRGDNFNKFY,ASSLFQGPSYGYT,GILGFVFTL,0,3.545402e-08
AGDAGFNKFY,ASSVGGGTSNEQF,GILGFVFTL,0,1.3393546e-09
AAHGYQKVT,ASSATGTGGYEQY,GILGFVFTL,0,0.00011116818
AGRGNYGQNFV,ASGDSSYEQY,GILGFVFTL,0,0.00010047883
AMKRGGGFKTI,ASSSTGGAEQY,GILGFVFTL,0,4.7147644e-08
VPGEFGNEKLT,ASSLSVAPYNEQF,GILGFVFTL,0,0.00064724684
AMREFFDTGRRALT,ASSEGRSSYEQY,GILGFVFTL,0,3.281906e-05
ASRDNFNKFY,ASKLLAGGRETQY,GILGFVFTL,0,3.1565772e-08
AMREGQGRNSGYALN,ASSSRDRATHTQY,GILGFVFTL,0,0.90039146
AVEDYGQNFV,ASSPPFLAGSGSSYEQY,GILGFVFTL,0,1.385185e-05
AYRSAETGRRALT,ASDDDVGQGRFYEQY,GILGFVFTL,0,3.3225784e-05
VVNIPQNTGGFKTI,ASSPGTGTYGYT,GILGFVFTL,0,4.5152905e-05
AVDKDFGNVLH,ASSYNVYEQF,GILGFVFTL,0,9.118953e-07
ALYNFNKFY,ASSQVFGTPTPQH,GILGFVFTL,0,5.4378645e-05
ILRDVVASYDKVI,ASSLVREGGNEQF,GILGFVFTL,0,1.1928057e-10
LVEGSSYKLI,SALAGVEAKNIQY,GILGFVFTL,0,8.105493e-05
ALKTDNYGQNFV,ATTRSGETQY,GILGFVFTL,0,3.2036695e-08
AMISGGYQKVT,ASSLTGTGGGVVDTQY,GILGFVFTL,0,1.2058315e-07
APMDSNYQLI,SARGLLDTEAF,GILGFVFTL,0,1.3278302e-08
AAQSNQAGTALI,ASSPGGNEQF,GILGFVFTL,0,5.08955e-06
AVKEGGGSYIPT,ASSRGQNTGELF,GILGFVFTL,0,2.2248627e-09
AAVKWMDSSYKLI,ASSEGRVIHNEQF,GILGFVFTL,0,0.014503956
AVASYGGSQGNLI,ASSLAGGTKGYT,GILGFVFTL,0,0.24556741
AYRSAPDSGYALN,ASSKLAGVPDEQF,GILGFVFTL,0,3.9959214e-09
GADIGSNFGNEKLT,ASSLGPDSIYYEQY,GILGFVFTL,0,6.8430803e-09
AVETSYDKVI,AISGTGYGYT,GILGFVFTL,0,1.4290033e-08
AAVVPGSGNTPLV,ASSLEDRVPHEQF,GILGFVFTL,0,2.1783373e-09
AYRSRDNYGQNFV,ASSERWVRDEQF,GILGFVFTL,0,1.0069432e-09
AASPFWGYQKVT,ASSSLAGGQHTGELF,GILGFVFTL,0,2.4738231e-09
GTEGAGNNRKLI,AIRTGVTDEQY,GILGFVFTL,0,8.119419e-09
AVRSYAGGTSYGKLT,ASSQDYSGYIGYEQY,GILGFVFTL,0,2.8349073e-06
AFKKGSTLGRLY,ASIGGIAYEQY,GILGFVFTL,0,3.587011e-07
AACENTDKLI,ASSLTIGTSRAEQF,GILGFVFTL,0,1.4236007e-06
AVLMYNNNDMR,ASKGTGTNYGYT,GILGFVFTL,0,2.6864396e-05
AASGTDSWGKFQ,ASSQDHTGGPGANVLT,GILGFVFTL,0,0.0003271699
AVWDNYGQNFV,SVEEVGDGRGYT,GILGFVFTL,0,3.3810062e-07
AFSPSGTYKYI,ATSDTESHNEQF,GILGFVFTL,0,0.0012680292
ALRDSGGSNYKLT,ASSQARDPTGELF,GILGFVFTL,0,1.8387971e-06
AVSLDSGGGADGLT,ASSRTGYSYNEQF,GILGFVFTL,0,0.9327902
ATDADYNTDKLI,ASSREDREENNEQF,GILGFVFTL,0,3.2735617e-08
VVNGGNTPLV,ASSLASGGAANEQF,GILGFVFTL,0,5.319868e-10
AVIYGNQFY,ASSLWTGGSSGANVLT,GILGFVFTL,1,0.819451
AVRDDGGYNKLI,ASNLAGGGADTQY,GILGFVFTL,0,2.0416149e-08
VVNDYKLS,ASSSTREGTDTQY,GILGFVFTL,0,8.914559e-06
AGYRGETSGSRLT,ASSLSVNTEAF,GILGFVFTL,0,1.2945237e-05
ALSLGSGYALN,ASSLGGGYNEQF,GILGFVFTL,0,8.295719e-08
AVITGDYKLS,SARSTGDYEQY,GILGFVFTL,0,4.351781e-05
AARGSSYKLI,ASSVGGELGEQY,GILGFVFTL,0,0.006878704
AMREGPMKGYQKVT,ASSIKINSNQPQH,GILGFVFTL,0,0.0015664697
GADIVGSNYKLT,ASSPSGFGNTIY,GILGFVFTL,0,2.6640414e-09
VVTDTPNSGYALN,ASSPRTLQPQH,GILGFVFTL,0,0.0022012591
AVKPPGNTPLV,ASKLGQAASYEQY,GILGFVFTL,0,2.995378e-08
AAKTDKLI,ASPGPTGTEAF,GILGFVFTL,0,9.918606e-06
VVDTGGFKTI,ASSEWRQEDGNTIY,GILGFVFTL,0,1.882506e-07
VASGGSYIPT,ASSAEYQTDQPQH,GILGFVFTL,0,0.00036531687
AARGEYGNKLV,ATSSPDRGVRETQY,GILGFVFTL,0,5.6972972e-08
AVEHNAGNNRKLI,ASRQPATTYEQY,GILGFVFTL,0,3.8016643e-09
LGAPGTTGRRALT,ASSESDRGQGETQY,GILGFVFTL,0,2.5179075e-10
GADMGDDKII,ASSLLTGKNTEAF,GILGFVFTL,0,0.56039464
AMKDFGNEKLT,ASSADEWDRKETQY,GILGFVFTL,0,5.0258655e-05
AENRAGNNRKLI,ASSQGNEQF,GILGFVFTL,0,3.8892063e-07
AYSWETSGSRLT,ASSTPKRGAYEQY,GILGFVFTL,0,0.0003106296
AAREDSWGKLQ,ASSLSKDGDYGYT,GILGFVFTL,0,0.0040621758
LVGDYLTGGGNKLT,ASTTGQGALNTEAF,GILGFVFTL,0,2.9279374e-07
AGLQGGGADGLT,ATSRDSVAGRAHGYT,GILGFVFTL,0,8.759877e-10
AASIMNRDDKII,ASSTFSSNQPQH,GILGFVFTL,0,0.0026567876
VVSEYSNYQLI,SARVPVTGGSSGNTIY,GILGFVFTL,0,7.842523e-06
ATDARPQGGSEKLV,ASSLGTSVNEQF,GILGFVFTL,0,0.0016182363
AASALSRNAGNMLT,ASSSRTLPEAF,GILGFVFTL,0,2.7899018e-08
AGADGGSQGNLI,ASSYRSTDTQY,GILGFVFTL,1,1.0
VVNGPDSSYKLI,ASSPGLVMPGEQF,GILGFVFTL,1,1.8220566e-06
VVSATGNNDMR,ASSIDWDEQF,GILGFVFTL,0,0.0010097027
AVPNQAGTALI,ASRSDSHYGYT,GILGFVFTL,0,1.03528555e-08
VVPSMRDSNYQLI,ASSSTSQSTDTQY,GILGFVFTL,0,2.9796016e-05
AVEMDSSYKLI,ASSRGKYEQY,GILGFVFTL,0,3.3693894e-05
AVYNFNKFY,ASTRDSTIKNTEAF,GILGFVFTL,0,3.9099504e-07
ARGRDDKII,ASSGQGRNTEAF,GILGFVFTL,0,7.9592727e-10
AYYRRDDKII,ASGPLADYEQY,GILGFVFTL,0,3.9567734e-08
AVDSGAQKLV,ASSPGQGYYGYT,GILGFVFTL,0,1.217338e-08
AMSGSGSSYKLI,ATSRDTGVGTGELF,GILGFVFTL,0,0.0002362132
AVSSMDSSYKLI,ASSWERSRGGTEAF,GILGFVFTL,0,1.800173e-06
AVGGSGYALN,ASMAPLVDEQF,GILGFVFTL,0,1.2229747e-06
LVGAPGYSSASKII,ASSSQKGNQPQH,GILGFVFTL,0,0.013629317
ATESKTSYDKVI,ASSWGGLYEQY,GILGFVFTL,0,2.9780958e-05
AALNAGNMLT,ATLTSYNEQF,GILGFVFTL,0,3.0400773e-08
AVNYGQNFV,ASSDIPSSYNSPLH,GILGFVFTL,0,3.1305657e-07
AAPDGYGQNFV,ASSYNPFTEAF,GILGFVFTL,0,3.864319e-08
AVDEYSGNQFY,AGGSGTDWF,GILGFVFTL,0,8.5700885e-06
VYNQGGKLI,ASSQARDPTGELF,GILGFVFTL,0,3.4589075e-07
LVGDRFNAGNMLT,ASSPLGTGSYNEQF,GILGFVFTL,0,3.0858996e-10
ALSEPTTDSWGKLQ,ASKWGGYNEQF,GILGFVFTL,0,2.4432006e-07
AVNRDDKII,ASSQAKGWNTIY,GILGFVFTL,0,1.47656e-06
VVNGRNTDKLI,ASSQGIVTSGRSNEQF,GILGFVFTL,0,2.489842e-09
AYRSEETSGSRLT,ASSALRGRLHEQY,GILGFVFTL,0,9.80646e-07
ILRDWGDDKII,ASSWGPGANVLT,GILGFVFTL,0,2.2583922e-08
ALMGQNFV,ASSLGGGGTEAF,GILGFVFTL,0,5.9449434e-08
AVKAGGFKTI,ASSFGTSYDEQY,GILGFVFTL,0,1.3530873e-08
ATDHYTGANSKLT,ASSRISSYNEQF,GILGFVFTL,0,1.7258989e-07
LVGEGRTGNQFY,ASSPGVAGGLEQF,GILGFVFTL,0,6.1782595e-07
VVSARARLM,ASSLGPRERSNQPQH,GILGFVFTL,0,2.8395068e-08
AALDNYGQNFV,ASSSLSSNQPQH,GILGFVFTL,0,5.5301316e-06
AVTYDKVI,ASSGRTGFRSGANVLT,GILGFVFTL,0,0.0049704313
AATRGSTLGRLY,ASSQALAGGGYEQY,GILGFVFTL,0,4.3831734e-09
ALNTGNQFY,ASSPVTGTGYYGYT,GILGFVFTL,1,0.75663126
AVDIPRGSTLGRLY,ASRPQWTSGETSTDTQY,GILGFVFTL,0,4.189367e-09
LVGDMGGSSNTGKLI,ASSQGGGGYSYEQY,GILGFVFTL,0,1.1299254e-07
ATDEETSGSRLT,ASSLASSYEQY,GILGFVFTL,0,4.7888444e-09
VVTADSWGKLQ,ASSRRDRKGEQY,GILGFVFTL,0,2.1232756e-06
AGPLWVPGGTSYGKLT,SVINTEAF,GILGFVFTL,0,1.5770661e-08
AGPRASGTYKYI,ASDLGAYNEQF,GILGFVFTL,0,2.7903422e-09
AVKIQGAQKLV,ASSLGGEWPQH,GILGFVFTL,0,7.509703e-10
AFILTRDDKII,ASSLVPGQGGDTEAF,GILGFVFTL,0,2.2652691e-06
AVTTLGSDYKLS,SALLAGGIHNEQF,GILGFVFTL,0,0.0003054738
AVMNGNKLV,ASSSSTSGGTYEQY,GILGFVFTL,0,2.2183013e-07
AMREANYGQNFV,ASIDSLGLSNEQF,GILGFVFTL,0,4.4980407e-06
AYSWETSGSRLT,ASGEQGSDYGYT,GILGFVFTL,0,4.724917e-09
AENMPPGRRALT,ASSVKGSTDTQY,GILGFVFTL,0,0.04518622
AAKPLGSWGKLQ,ASSHATGTDYEQY,GILGFVFTL,0,1.370984e-06
AESNSGYALN,SASQAQYNEQF,GILGFVFTL,0,0.00033527613
AVGDEKLT,ASSYWNTGELF,GILGFVFTL,0,1.199036e-07
AVVPSIQGAQKLV,ALGDNEQF,GILGFVFTL,0,1.8892756e-09
AEIPSGAGSYQLT,ASSDGGTSYEQY,GILGFVFTL,0,3.6927133e-07
AVVDPFSGGYNKLI,SARDLLQRGGPYNEQF,GILGFVFTL,0,0.000112427755
ILMNSGYSTLT,ASSSRGYGYT,GILGFVFTL,0,3.117448e-05
AASNTGNQFY,ASSPGPNYGYT,GILGFVFTL,0,5.209746e-07
AAAYNFNKFY,ASSSGTFSGANVLT,GILGFVFTL,0,2.4242756e-05
ALIPNTGGFKTI,ASSDEQTMNTEAF,GILGFVFTL,0,0.17834187
AGCYYQGGSEKLV,ASSRTPPAGGLAGELF,GILGFVFTL,0,0.057072252
AARGTYKYI,SARDTTGNGYT,GILGFVFTL,1,0.95375335
AFKKVDGSEKLV,ASRPGTSGSFDEQY,GILGFVFTL,0,2.7899551e-08
AYSWETSGSRLT,ASAGTGDEKLF,GILGFVFTL,0,6.680256e-08
AVPQTGANNLF,ASSYSSSGIGYT,GILGFVFTL,0,3.1020605e-08
AYCRGYSTLT,ASSYSRVGGYT,GILGFVFTL,0,9.242016e-05
VVNTGGFKTI,ASSPSEGEIYGYT,GILGFVFTL,0,6.3245074e-07
AVYPGNTPLV,ASSPNIDFSGANVLT,GILGFVFTL,0,7.514987e-07
AYIDFGARLM,ASSQERSASYEQY,GILGFVFTL,0,2.0279684e-05
ARNTGNQFY,ASRLLAGVINEQF,GILGFVFTL,1,0.9882366
AVVSMDTGRRALT,ASSLRGQINEKLF,GILGFVFTL,0,1.52225675e-05
AVPETSGSRLT,ASNPTGGPVAF,GILGFVFTL,0,1.846707e-06
LVGDRTSGTYKYI,ASSQGMLAF,GILGFVFTL,0,0.00014683604
AVNAKSDGNKLV,ATSDWRAANTGELF,GILGFVFTL,0,6.540259e-07
AGQLGAGGTSYGKLT,ASKGKLTEAF,GILGFVFTL,0,0.105317146
AVDSNYQLI,ASSPYGGGVSGDTQY,GILGFVFTL,0,7.7656566e-08
AGHYNNAGNMLT,ASSPTGSEQY,GILGFVFTL,0,0.00037762523
ATGAQKLV,ASSVSGGDYNEQF,GILGFVFTL,0,0.013641477
AVQGKTSYDKVI,ASSLRQGVARETQY,GILGFVFTL,0,1.3547893e-06
AVELNDYKLS,ASTGDSSYEQY,GILGFVFTL,0,1.7460126e-06
VVYGAAGNKLT,ASSLVGPGELF,GILGFVFTL,0,0.009237945
ILRDDNNNDMR,ASSQTVPGQGLDGYT,GILGFVFTL,0,0.012348086
AASVGAGNMLT,ATSVRGGPMITGELF,GILGFVFTL,0,1.1983358e-06
AVRVDQTGANNLF,ASSLGTSDSYEQY,GILGFVFTL,0,4.152328e-07
AAALNTDKLI,ASTGSFAYNEQF,GILGFVFTL,0,0.00014823675
AVLGDSWGKLQ,ASSPRTSGARYTDTQY,GILGFVFTL,0,0.88745105
AVHLITGNQFY,ASTTGVREAF,GILGFVFTL,0,0.00032651424
AASDPGGFKTI,ASSYQGPDYGYT,GILGFVFTL,0,0.003596574
GTDLYNTDKLI,ASSISVELAEAF,GILGFVFTL,0,1.7634877e-05
AVRDPQAGTALI,ASSPNLSSGNTIY,GILGFVFTL,0,1.4010674e-06
VVSLYSGGGADGLT,ASRPPTAGGVNEQF,GILGFVFTL,0,0.018311322
AASARAAGNKLT,ASSPGTEEKLF,GILGFVFTL,0,4.739964e-07
AGRALNNAGNMLT,ASSFAGSGYT,GILGFVFTL,0,2.4977965e-06
AVNQAGTALI,SASGRGPGELF,GILGFVFTL,0,3.7463087e-06
AESGGTGKLI,ASGEGGNTEAF,GILGFVFTL,0,1.455118e-07
ILRAAGGTSYGKLT,ASSFLTGGNRDYGYT,GILGFVFTL,0,0.0031514764
ALPDGGYNKLI,ASSFAGSSYNEQF,GILGFVFTL,0,2.415757e-05
AMREGFNYGQNFV,ASSHPGAGSSSGYT,GILGFVFTL,0,2.2604512e-09
AAGFQKLV,SVERQGLPPSTDTQY,GILGFVFTL,0,5.6587425e-08
AASVGAGNMLT,ASSSSRSGRTDTQY,GILGFVFTL,0,5.0649014e-09
AGQLTTDSWGKLQ,ASISRIEAF,GILGFVFTL,0,1.5965877e-06
AFMTNAGGTSYGKLT,ASSSGSYGYT,GILGFVFTL,1,1.0
AVNEDGTGKLI,ASSSRLAGVYTDTQY,GILGFVFTL,0,0.0027357042
AVRRISNFGNEKLT,ASSQLNGGGTGELF,GILGFVFTL,0,9.541705e-08
AYRSPYYTGANSKLT,ASSLEGGSYNEQF,GILGFVFTL,0,6.558925e-08
AVEGYSTLT,ASSGDGGSSYNEQF,GILGFVFTL,0,3.7850686e-08
AVSEEGSARQLT,ASSETIYYEQY,GILGFVFTL,0,1.1031893e-08
AMRPLDTGRRALT,ASSQDWGVSADTQY,GILGFVFTL,0,5.480908e-08
AVDSNYQLI,AISESNSGMTGYT,GILGFVFTL,0,1.5941502e-08
AASGASNYKLT,AISQYTGSEEKLF,GILGFVFTL,0,4.5663375e-05
ALSEPYSGAGSYQLT,ASSLGMNTEAF,GILGFVFTL,0,2.7250437e-09
AESTGKLI,SVGSGGTNEKLF,GILGFVFTL,1,0.99998736
AVQRSNDYKLS,ASRDTGTGNYGYT,GILGFVFTL,0,1.773982e-08
AGVWGGNEKLT,ASSLQIPQQETQY,GILGFVFTL,0,3.8320238e-08
APNVGNQFY,SAVRDYTQY,GILGFVFTL,0,8.9665906e-07
AVKGSNDYKLS,ASSSGPSTEAF,GILGFVFTL,0,3.459288e-10
AESWTNTGFQKLV,SARDRVNYNEQF,GILGFVFTL,0,0.0024175942
AGGLYNFNKFY,ASSQGSGTPSSYEQY,GILGFVFTL,0,3.2158034e-08
AANTDKLI,ASSQDPMLETQY,GILGFVFTL,0,0.00022181869
VVESNTGFQKLV,ASSQIGTSGVNEQF,GILGFVFTL,0,0.00018426776
ARDLGGGSQGNLI,ASSVRSTDTQY,GILGFVFTL,1,1.0
AVRDNTDKLI,ASSLLQGGYEQY,GILGFVFTL,0,0.00013929605
AVPNQAGTALI,ASSSPGTGGRDTQY,GILGFVFTL,0,6.971959e-08
AASATGAQKLV,ASSPGTGVNSPLH,GILGFVFTL,0,1.7836209e-08
AVIYGSGNTGKLI,AWSSRTWEQY,GILGFVFTL,0,4.212606e-08
AVRERGSYIPT,AREGDSTDTQY,GILGFVFTL,0,6.9427344e-09
ACRGAGAQKLV,ASRPGDFYEQY,GILGFVFTL,0,8.717612e-09
AYSHDDKII,ASSRWTGDIILSGNTIY,GILGFVFTL,0,0.97617406
AFMGGADGLT,AISGDGGDEQF,GILGFVFTL,0,1.228242e-05
AESSTDSWGKLQ,ASSGTSGGPAEQY,GILGFVFTL,0,0.60438395
GTEGAGNNRKLI,ASSHATTYEQY,GILGFVFTL,0,7.3359967e-09
AVEGWNNRLA,ASSLGRSLGYT,GILGFVFTL,0,4.62008e-09
AVTYNFNKFY,ASSPDGGASYEQY,GILGFVFTL,0,3.2299036e-07
AYREYGNKLV,ASSFSLREPRGTEAF,GILGFVFTL,0,1.3879782e-08
AYRSRYSGGGADGLT,ASSYGDSRGGGEQF,GILGFVFTL,0,1.808253e-06
AYDDSNYQLI,ASSRTSGGHEQY,GILGFVFTL,0,7.0745796e-07
ATDRGDKLI,ASSYGHPNEKLF,GILGFVFTL,0,0.000101832564
AMREIQGAQKLV,ASSLNLGDRSDEQF,GILGFVFTL,0,1.2093763e-07
AVRVGQGGKLI,ASSLGTGGNEQF,GILGFVFTL,0,0.002587825
AVRDNYGQNFV,ASSLRVGSGVGETQY,GILGFVFTL,0,0.016743422
ILRDDSNSGYALN,ASSQEVGVVTGELF,GILGFVFTL,0,0.96344405
ASLRGSQGNLI,SARGNRGWYEQY,GILGFVFTL,0,1.1984511e-08
AGQGGYQKVT,ASRIPGQAYNEQF,GILGFVFTL,0,1.1756388e-06
APGGTSYGKLT,ASSLSSFNEQF,GILGFVFTL,0,6.787241e-08
AGAAGARLM,SVEKAGGRSYEQY,GILGFVFTL,0,1.7713677e-05
AGAPGTASKLT,ATSDRGPYTQY,GILGFVFTL,0,0.032972813
ALGGGGADGLT,ASSLSVKGNEQF,GILGFVFTL,0,3.0078802e-09
AMSASDSWGKLQ,ASSLATNYGYT,GILGFVFTL,0,8.038708e-06
VVHGSSNTGKLI,SADIAVLGEQY,GILGFVFTL,0,9.558191e-06
AYRVTTEII,SARDRVRKVVDEQF,GILGFVFTL,0,0.013506502
AVAYSSASKII,ASSLSRPFLEPETQY,GILGFVFTL,0,1.6946782e-05
AGTYGGSQGNLI,ASSMRSTGELF,GILGFVFTL,1,0.99999964
IPVGTYKYI,ASSQDQRGDPSTDTQY,GILGFVFTL,0,4.3635083e-07
AASPFLFGNEKLT,ASGLVQETQY,GILGFVFTL,0,3.0238374e-07
AENLMDSSYKLI,AISEIGAGYEQY,GILGFVFTL,0,0.0012798905
AVRRAGYSTLT,ASSLENGIVYEQY,GILGFVFTL,0,1.790443e-06
AMREREGNNRLA,ATQGGGSYNEQF,GILGFVFTL,0,4.581792e-09
ASGGGADGLT,ASSPDRGNTIY,GILGFVFTL,0,3.206957e-09
AYFQGAQKLV,ASRKEGQVAGELF,GILGFVFTL,0,2.3454994e-09
AGLSGNTGKLI,ASSQDPYGNTEAF,GILGFVFTL,0,0.0012185872
VVNMISNYQLI,ASSLDGLNTEAF,GILGFVFTL,0,1.9959774e-05
ALPWFSDGQKLL,SVVTGPVLYGYT,GILGFVFTL,0,4.722892e-08
AGALSGSARQLT,ASSQLPVGDSEYEQY,GILGFVFTL,0,3.453765e-09
AFMRPQETSGSRLT,ASKTLGGGETQY,GILGFVFTL,0,1.635906e-08
AGVGGGSQGNLI,ASSIRSTYEQY,GILGFVFTL,1,0.9999995
ADPYGGATNKLI,ASSQNDGGRTD,GILGFVFTL,0,1.869322e-06
VVSERGGGSYIPT,ASSQIGEGHGDEQF,GILGFVFTL,0,4.518738e-10
AYTSGTYKYI,ASSSPTRTGLY,GILGFVFTL,0,2.5136682e-08
AVSSGTYKYI,ASSGSGVFTGELF,GILGFVFTL,0,2.7094127e-09
AVQADLMLI,ASSQIGEGHGDEQF,GILGFVFTL,0,4.292095e-07
PGSYIPT,ASSGSGEQF,GILGFVFTL,0,3.1849862e-10
AHNTDKLI,ASSWNTGELF,GILGFVFTL,0,1.8738797e-07
AVRDLNAGNNRKLI,ASSVGAGPYEQY,GILGFVFTL,0,1.106958e-06
AENIRGFSDGQKLL,ASSFVSSYEQY,GILGFVFTL,0,6.779876e-07
AALFGNEKLT,SVETDYEQY,GILGFVFTL,0,1.4745615e-08
AVEEEGQNFV,ASQGSRESYEQY,GILGFVFTL,0,2.3271958e-05
SRDGQKLL,ASSPQNTGELF,GILGFVFTL,0,0.0036742091
AVLAGSYQLT,SARSGLAVSYNEQF,GILGFVFTL,0,5.0018784e-06
AASSNTGNQFY,ASSFGQMNTEAF,GILGFVFTL,0,0.0017253757
ANYNQGGKLI,ASSLGQIYGYT,GILGFVFTL,0,9.017969e-05
ALTHASSGGYQKVT,ASSELVGSSYEQY,GILGFVFTL,0,1.4437875e-05
AVRDSNYQLI,SVEDPPGGSGNTIY,GILGFVFTL,0,5.7821705e-07
AASHNNNDMR,ASSLTAGWENEQF,GILGFVFTL,0,1.5190793e-05
AAPCFSSNDYKLS,ASSMRSGSEQY,GILGFVFTL,1,0.9999682
APTETGNQFY,ASSSPRDKGYEQY,GILGFVFTL,0,0.000608027
VVSAMATGFQKLV,ASSYGTQQF,GILGFVFTL,0,0.0005339682
AGLEETSGSRLT,ASSLVGYGYEQY,GILGFVFTL,0,6.4805026e-06
AMSGRGYQKVT,SADTDLREQY,GILGFVFTL,0,1.3885706e-09
AVRDNYGQNFV,SARSLTSIQETQY,GILGFVFTL,0,0.009151816
AVQAPNSGYALN,ASIGLSGELF,GILGFVFTL,0,1.8860928e-09
AVSSPNTGNQFY,ASSQDHDRNRANYGYT,GILGFVFTL,0,9.133244e-07
AGADTNAGKST,ASSFPGGGSYEQY,GILGFVFTL,0,5.7065277e-09
AAFTGGFKTI,AIRGGTEAF,GILGFVFTL,0,0.11023831
ALSGTSGGTSYGKLT,ASSLHSAGKSTDTQY,GILGFVFTL,0,0.002292782
AVRDRWRDDKII,ASSQDQRGSLNIQY,GILGFVFTL,0,1.6159223e-08
ALSYNDMR,SARDNRGPYNEQF,GILGFVFTL,0,2.478979e-05
AAGEGADGLT,ASSFDSGNYGYT,GILGFVFTL,0,2.47635e-08
AMRENNFGNEKLT,ATSGQGAPGETQY,GILGFVFTL,0,3.5728068e-08
AVRSNFGNEKLT,ASSPTRDLSGNTIY,GILGFVFTL,0,4.9672883e-07
ALNAGGTSYGKLT,ASSLSVYNEQF,GILGFVFTL,0,2.6278747e-07
AVRDSNSGYALN,ASSFTLTNTEAF,GILGFVFTL,0,0.41157693
LVANNQGGKLI,ASSEGAGNSPLH,GILGFVFTL,0,4.3461088e-10
AMSGDGFGNEKLT,ASTKSGILGGETQY,GILGFVFTL,0,1.1085654e-09
VVSGYSGAGSYQLT,SASDGTNEKLF,GILGFVFTL,0,0.6602334
GQGGTYKYI,ASSPTGARGYT,GILGFVFTL,0,0.0030565262
AVSPSAGNMLT,ASGQGAGYT,GILGFVFTL,0,1.7321574e-06
AVRVYFGNEKLT,SVEEPRGQNYGYT,GILGFVFTL,0,4.0930354e-05
LVVGGYNKLI,ASSPPGAGGRETQY,GILGFVFTL,0,1.3527396e-07
ALSPGSGGYNKLI,ASSPSSGHTEAF,GILGFVFTL,0,0.00029104948
AGASSNDYKLS,ASSLLGTLWAF,GILGFVFTL,0,0.4949293
LVGEWNNDMR,ASSLLAGQETQY,GILGFVFTL,0,3.7695194e-09
AVRPSPGGSYIPT,ASSQIGGLGAAETQY,GILGFVFTL,0,5.7104394e-08
AYRLRTGNQFY,ASSPMTGKSPLH,GILGFVFTL,0,9.023986e-08
AYRSPFNFGNEKLT,ASSLTGTSDEQY,GILGFVFTL,0,4.0629917e-09
AVRDGGGGFKTI,ATSRGVTDTQY,GILGFVFTL,0,7.614831e-06
AVTPPEYGNKLV,ASSLTGTAYEQY,GILGFVFTL,1,0.4130935
AVRVDQAGTALI,ASSLGENAGPPSYEQY,GILGFVFTL,0,8.0142286e-08
AATYTGTASKLT,ASSLAVRDNEQF,GILGFVFTL,0,5.495162e-09
AYRTWNSGGSNYKLT,ASTSGVPNTEAF,GILGFVFTL,0,0.00018140674
AETEVNRDDKII,ASSAWAGELF,GILGFVFTL,0,0.0044578314
AVDTGGGADGLT,ASSPPFLAGSGSSYEQY,GILGFVFTL,0,1.2982116e-07
AAHNTDKLI,ASSPAGTEAF,GILGFVFTL,0,5.5872833e-06
VVTHPSNTGKLI,AINDDVAAGGEQY,GILGFVFTL,0,2.7798817e-06
VVNGNTGGFKTI,ASSVEWAGRLNEQF,GILGFVFTL,0,1.1305453e-05
AASGNTGKLI,ASTPGLAGWGTDTQY,GILGFVFTL,0,2.9560872e-05
AYRSAHGGSQGNLI,ASSYSNTEAF,GILGFVFTL,0,2.4174264e-08
AVDQGAGKST,SARERSGEYNEQF,GILGFVFTL,0,1.0991524e-08
AVKSHNQGGKLI,ASSQDPYQGLNTEAF,GILGFVFTL,0,3.3335094e-05
AVPWPSGSARQLT,ASSLGAYNEQF,GILGFVFTL,0,1.0440558e-09
LVGPPSNDYKLS,SVIISGGSYNEQF,GILGFVFTL,0,5.8051883e-09
VVSARARLM,ASSQGTGQTYEQY,GILGFVFTL,0,1.0208814e-07
ALSGVNYGGSQGNLI,ASSLEGVLEDEQY,GILGFVFTL,0,3.0928028e-08
AVPRNNNARLM,ASSEDYNEQF,GILGFVFTL,0,0.023425788
AGAQKLV,ASSPRARDSLDYNSPLH,GILGFVFTL,0,0.00044098496
AYSWETSGSRLT,ASSPGTTSNQPQH,GILGFVFTL,0,3.8658985e-05
AVNSGNRDDKII,ASSQDRGGYGTQY,GILGFVFTL,0,4.877618e-09
IVKLDAGNMLT,ASSRASGSSYNEQF,GILGFVFTL,0,0.000323534
AMRFNAGGTSYGKLT,AISESMAGGRKETQY,GILGFVFTL,0,8.601608e-07
VVSEARDYKLS,ASSDLGTSLY,GILGFVFTL,0,0.4856993
ILRRDSNYQLI,ASSYQAGGINEQF,GILGFVFTL,0,5.929486e-06
AVDTGRRALT,SAGRISDDFSGNTIY,GILGFVFTL,0,3.260754e-07
AMRGTDSWGKLQ,ASSFFVVTSGRAVYGANVLT,GILGFVFTL,0,0.035729975
AGPIAGGSQGNLI,ASSMRSTYEQY,GILGFVFTL,1,1.0
AESTYNTDKLI,ASSPEGDYSGNTIY,GILGFVFTL,0,5.796103e-06
AVALSGGYQKVT,ASSLRTGQTGELF,GILGFVFTL,0,4.794013e-05
AEGWEKLT,ASSPPGRPNEKLF,GILGFVFTL,0,4.321822e-10
AVRQGDSNYQLI,ASSSTGPGELF,GILGFVFTL,0,4.5503437e-09
AETFNDYKLS,ASSSGLAGFSTDTQY,GILGFVFTL,0,1.5399687e-07
IVRVVPSGTYKYI,ASSSTPGWNEKLF,GILGFVFTL,0,1.2207019e-07
AFYTGGFKTI,SASDRLAGEAF,GILGFVFTL,0,0.00039839745
AVNSYNTDKLI,ASSSLNASPEAF,GILGFVFTL,0,1.4954361e-08
ALGSNYKLT,ASSPPPRDEQF,GILGFVFTL,0,1.193879e-08
VVNGILTGGGNKLT,ASSQAGSSYEQY,GILGFVFTL,0,2.7242553e-08
AANYGQNFV,ASSPPDSFQETQY,GILGFVFTL,0,1.3988077e-07
GTEWIRDDKII,ASRGEAAGELF,GILGFVFTL,0,3.4691368e-08
LGYSSASKII,ASSLQGSSNEQF,GILGFVFTL,0,7.493639e-07
ALASRLDGQNFV,ASSLGSRATDTQY,GILGFVFTL,0,1.8377777e-05
ILSFQTGANNLF,ASSQSIKHRDGYT,GILGFVFTL,0,5.3800157e-08
AENNAGNNRKLI,ASSQEDRGWYEQY,GILGFVFTL,0,5.3427964e-05
AQETGANNLF,ASSPTGARNTEAF,GILGFVFTL,0,4.7864296e-07
VVNMGGTGGFKTI,ASSQGSQGNGYT,GILGFVFTL,0,4.4984823e-08
AENTPQGSQGNLI,ASRLLAGANTDTQY,GILGFVFTL,0,9.349588e-06
AFPHVGGYQKVT,ASSPTRDRVLDEQY,GILGFVFTL,0,0.007448703
VVTDRGSTLGRLY,ASSSGDYGYT,GILGFVFTL,0,4.2031417e-07
ARNYGGSQGNLI,SASTDTQY,GILGFVFTL,0,0.9508803
ALSGTFFGNEKLT,ASGIHLLLETPYNEQF,GILGFVFTL,0,2.6965154e-06
ASRGGATNKLI,ASSPLAGSDYNEQF,GILGFVFTL,0,9.930925e-07
AGARSYQLT,ASSVTSGSSYEQY,GILGFVFTL,0,6.008683e-05
VVNHQAGTALI,ASSPAGNLYNEQF,GILGFVFTL,0,1.0315326e-08
APMDSNYQLI,ASSGQGAVETQY,GILGFVFTL,0,1.265215e-09
AVRDGQKLL,ASSASRTGVGYGNQPQH,GILGFVFTL,0,6.5309623e-06
ADIYSGGYQKVT,SVDFRAGLDTGELF,GILGFVFTL,0,3.2554485e-08
LVGDTGRRALT,ASSYPQGLEQY,GILGFVFTL,0,1.4496524e-09
GTEGAGNNRKLI,ASSQDRVNEQF,GILGFVFTL,0,1.0559408e-07
LLTSGTYKYI,AIRHGTGFPGGSYNEQF,GILGFVFTL,0,1.09749806e-07
AVSDRDAGGTSYGKLT,ASSPYGGGLYEQF,GILGFVFTL,1,0.0003822446
APEAGNMLT,ASSPGQGATEAF,GILGFVFTL,0,1.3498085e-08
AVRDYKLS,ASSLEGGTGQETQY,GILGFVFTL,0,1.729415e-07
AFMTASGGSYIPT,ASSEPRTGNTEAF,GILGFVFTL,0,1.0216061e-05
AASRGGKST,SAGWGTYEQY,GILGFVFTL,0,8.8020926e-08
AASAVGNNDMR,ASSLEFSFLSTDTQY,GILGFVFTL,0,0.00012978911
LVASSGAGSYQLT,ASSAEFRDAEGEQF,GILGFVFTL,0,3.20698e-10
AVNSGNEKLT,ASSGASGGTEQF,GILGFVFTL,0,0.0021110177
ILNSNYQLI,ASSEGLAEYNEQF,GILGFVFTL,0,3.5397244e-07
ALANFGNEKLT,ASSFRVTNTGELF,GILGFVFTL,0,0.16237381
AVGLGKLS,ASSTTYMNTEAF,GILGFVFTL,0,1.100777e-05
LVGFHSGGGADGLT,ASSVGSGQPQH,GILGFVFTL,0,0.0071997643
AEPLYIGGAQKLV,ASSPLPRSSTDTQY,GILGFVFTL,0,0.00027871132
GTGGNAGNMLT,ASSYRGADYWGYT,GILGFVFTL,0,1.7770051e-09
AASMYSGGGADGLT,ASLGSSATQY,GILGFVFTL,0,1.4951974e-07
VVEKAAGNKLT,ASSYSTVTDTQY,GILGFVFTL,0,2.3556317e-09
AYTGGSNYKLT,ASSSTGSQETQY,GILGFVFTL,0,3.144205e-08
APRRAGSYQLT,ASSLEGTGSGEQY,GILGFVFTL,0,1.9758846e-09
AVTNARLM,ASRPGTGPLDTGELF,GILGFVFTL,0,6.0621275e-08
AVRDPGGADGLT,ASSKDSYNEQF,GILGFVFTL,0,6.2990966e-06
AVPSGNTPLV,AWSVVGPSNYNEQF,GILGFVFTL,0,6.526109e-07
AASRHSNTGKLI,ASSLEGVLEDEQY,GILGFVFTL,0,5.0561493e-08
AMRERRNTGNQFY,SARGQGHIGNEKLF,GILGFVFTL,0,0.005713254
AVTSDMR,ASSVDRGDGYT,GILGFVFTL,0,3.41736e-08
AEDNYGQNFV,SAREDSENEKLF,GILGFVFTL,1,0.014690369
AFINNDMR,ASRTGTGAINEQF,GILGFVFTL,0,3.1697433e-05
AMVPNPQGGSEKLV,ASSLRSEQF,GILGFVFTL,0,5.705987e-06
ATVGAGDYKLS,ASSSSGQATNYGYT,GILGFVFTL,0,6.003387e-08
AVNIKRAGNQFY,ASSVAGTGSYEQY,GILGFVFTL,0,2.4015404e-07
ALSEGNNNNDMR,ASSLNRGPSEKLF,GILGFVFTL,0,9.174191e-06
AMIPTFGNEKLT,ASSHSRGGLADTQY,GILGFVFTL,0,9.832103e-10
AASRDKGSQGNLI,ASSQFGEKLF,GILGFVFTL,0,0.048888415
AASPNNAGNMLT,ASSLAEDPRLDNEQF,GILGFVFTL,0,3.3940836e-07
AVGNNYGQNFV,ASSPGQGGDYEQY,GILGFVFTL,0,1.26168285e-08
AYRSSFNNNDMR,SAREGQGTYSNQPQH,GILGFVFTL,0,7.4537716e-06
AASARGGAQKLV,ASSGPGTGDDEQY,GILGFVFTL,0,2.7331135e-08
AYRLFGEKLT,ASSLGDQPQH,GILGFVFTL,0,7.349582e-09
LLQGAGRRALT,ASSDDPRQGSTEAF,GILGFVFTL,0,7.2003456e-07
ILGMGGNEKLT,AIKRTGTRAEAF,GILGFVFTL,0,5.646832e-07
AGALGSSNTGKLI,ASSVRSAYTQY,GILGFVFTL,1,0.9999995
AVSPDSGGYQKVT,ASSQEAGGFSDTQY,GILGFVFTL,0,2.2674758e-06
AYLLARQLT,ASSFSGTPIYGYT,GILGFVFTL,0,0.00012347102
AVEASSGGGADGLT,ASSLGDGGGNEQF,GILGFVFTL,0,7.2082706e-08
APMDSNYQLI,ASSGGQGGGTDTQY,GILGFVFTL,0,4.7111306e-09
AASGDEKLV,ASSLMEKLF,GILGFVFTL,0,2.901017e-06
AFMNGYGNKLV,ASSLSGRGFFIGNEQF,GILGFVFTL,0,1.0317865e-08
AARTGTASKLT,ASSLGAGAYEQY,GILGFVFTL,0,4.1988567e-08
AVNAGSGGYNKLI,ASSAGSRVTSYNEQF,GILGFVFTL,0,3.1311392e-05
GTEVIEGYQKVT,ASSPAGGVTGELF,GILGFVFTL,0,0.00018402934
ALSDDEYGNKLV,ASSQGTGQTYEQY,GILGFVFTL,0,0.0068617463
AFRARVDYGGSQGNLI,ASSPPFLAGSGSSYEQY,GILGFVFTL,0,3.9068864e-09
ASQGGKLI,ASSPQGQETQY,GILGFVFTL,0,0.00021970272
AVSGTYKYI,ASSAPGLAEYEQY,GILGFVFTL,0,5.537976e-09
AMTRSGYSTLT,ASSAGTIEAHEQY,GILGFVFTL,0,1.380365e-07
AVRQGGSEKLV,ASSQHLGNTEAF,GILGFVFTL,0,6.736751e-07
VVDSWGKLQ,ASSQINDEQF,GILGFVFTL,0,7.5375433e-06
AVANYGGSQGNLI,ASSFPVSTDTQY,GILGFVFTL,0,0.55842763
AYHTGNQFY,ASSYPPLEQY,GILGFVFTL,0,0.0005566776
AVEERNYGQNFV,ASSFGQGAAQPQH,GILGFVFTL,0,1.6399166e-07
AMREGGGGSNYKLT,ASSLVLGASTEAF,GILGFVFTL,0,1.0966397e-06
AVLDESNDYKLS,ASSLTRSYGYT,GILGFVFTL,0,1.0026618e-05
AARNQAGTALI,ASSLEGVLEDEQY,GILGFVFTL,0,7.070784e-10
APIYNTDKLI,ASGWQGAYEQY,GILGFVFTL,0,0.0004490614
AVRPAYSGGGADGLT,ASSESLAVNTGELF,GILGFVFTL,0,8.509386e-09
AVNGYKLS,ASSPSENYGYT,GILGFVFTL,0,1.3123881e-08
AGARSYQLT,ASGTRSAQETQY,GILGFVFTL,0,0.01835674
AGAGWGKFQ,ASSLNPPGGGGKQETQY,GILGFVFTL,0,2.619331e-08
AVRPGGSYIPT,ASSLVQGASDTQY,GILGFVFTL,0,1.4748873e-07
AVRGTNAGKST,ASSLMTGGPANEKLF,GILGFVFTL,0,6.628122e-05
ALIGFGNVLH,ASSQDFGGGAQPQH,GILGFVFTL,0,1.3961667e-08
VVSDGNTGFQKLV,ASHSGAQH,GILGFVFTL,0,0.11107099
AYRSADLFSGGGADGLT,ASSQDLGGGRDEQY,GILGFVFTL,0,3.3882444e-08
ILRDTSNFNKFY,ASSPTIDRNTEAF,GILGFVFTL,0,1.6253927e-09
RNNAGNMLT,ASSLGSGYTEAF,GILGFVFTL,0,3.7279344e-07
AFEDARLM,ASSLPGGPGFSYGYT,GILGFVFTL,0,9.902514e-09
AVRIAGGGNKLT,ASRGGNNEQF,GILGFVFTL,0,3.1119691e-06
AVRLGNFNKFY,ASSHPFGT,GILGFVFTL,1,0.000100833815
ATDPTYGNNRLA,ASSFLDMNTEAF,GILGFVFTL,0,1.4970951e-05
AMMGGTSYGKLT,SVEEALGQGDYEQY,GILGFVFTL,0,0.013169736
AVDVWGGGADGLT,SAREDSYSNQPQH,GILGFVFTL,0,4.6020727e-05
AENYGGSQGNLI,ASSQIGEGHGDEQF,GILGFVFTL,0,3.4261822e-07
AVRDYGQNFV,SASTGIDT,GILGFVFTL,0,0.0030619204
AYSLDRGSTLGRLY,ASSDLAGMGEQF,GILGFVFTL,0,0.26575905
AGYYNTDKLI,ASSEGQDVFSYEQY,GILGFVFTL,0,1.2723275e-05
ALSEASNTDKLI,ASSQDRGNSYGYT,GILGFVFTL,0,1.3693656e-07
AVNLDSSASKII,ASRKGTGVTDTQY,GILGFVFTL,0,8.166436e-08
LVGGDTGRRALT,ASSQDGAGGLDEQY,GILGFVFTL,0,1.9199446e-07
AVRGTYKYI,ASRAWEGYT,GILGFVFTL,0,5.540068e-07
AEGDNSDTGRRALT,ASSVFGGSGNTIY,GILGFVFTL,0,0.00027754903
AAMDQAGTALI,ASSVTGAEAF,GILGFVFTL,0,0.0012919009
AVSSNDYKLS,ASSQGNGGAF,GILGFVFTL,0,7.19245e-08
LVGEARGNNRLA,ASSLTEGRQPQH,GILGFVFTL,0,4.434836e-11
AEISYSGAGSYQLT,ASSQDHLAGVNTGELF,GILGFVFTL,0,0.00020262599
AYSWETSGSRLT,ASSLGGGGLNEQF,GILGFVFTL,0,1.2026761e-06
AYRSRTSGTYKYI,ASSPPSGVNEQF,GILGFVFTL,0,2.4074404e-07
IVRVEVTSYGKLT,ASSQGTNSNQPQH,GILGFVFTL,0,0.08598763
ALSGRDSSYKLI,ASSDPSRPGELF,GILGFVFTL,0,2.2051765e-06
AVEDNNAGNMLT,ASSVEGGPPLNSPLH,GILGFVFTL,0,1.8695074e-06
AVQNYNTDKLI,ASSLGTGVYEGQY,GILGFVFTL,0,8.019775e-09
AENDSGGYQKVT,ASSQEWGVLAGVPDTQY,GILGFVFTL,0,2.257473e-06
VVKDGQNFV,ASSLVADYGYT,GILGFVFTL,0,0.00015774369
AARNTGSARQLT,ASSQDVTSYGYT,GILGFVFTL,0,2.1825928e-08
AGARSYQLT,ASSIRGREQY,GILGFVFTL,0,6.47467e-10
ATLSDGQKLL,ASSYTGLNEKLF,GILGFVFTL,0,1.5732557e-07
AASPTGFQKLV,ASSLAVGGDYGYT,GILGFVFTL,0,3.8494496e-09
VVRYSTLT,ASSADSIGSGNTIY,GILGFVFTL,0,1.3862361e-06
APGGSQGNLI,ASSQDDRGTYTDTQY,GILGFVFTL,0,8.781254e-05
VVNWYNAGNMLT,ASSSTGEGNQPQH,GILGFVFTL,0,4.8723013e-08
GVRSNDYKLS,ASSQDGASTDTQY,GILGFVFTL,0,3.574756e-08
AVPQGNTDKLI,ASSDQLLYEQY,GILGFVFTL,0,4.5532477e-07
AGGNARLM,ASSFERDTDTQY,GILGFVFTL,0,0.0018337965
APHTDKLI,ASSLAGSRVTGELF,GILGFVFTL,0,0.0074380934
AGAYGGSQGNLI,ASSSRSTGELF,GILGFVFTL,1,0.9999721
AGPWGNKLV,ASSPSVDEQY,GILGFVFTL,0,7.85078e-07
AVDGINTGTASKLT,ASSSSTGLQEQY,GILGFVFTL,0,1.0290296e-07
AGARSYQLT,ASSLEGVLEDEQY,GILGFVFTL,0,4.7643915e-09
ILRRREYGNKLV,ASTEAGRGNEQF,GILGFVFTL,0,8.279402e-09
AYRSAFRGAQKLV,ASSPGTGPYEQY,GILGFVFTL,0,6.74596e-10
AVLEYGNKLV,ATRTTGGFKNIQY,GILGFVFTL,0,7.95296e-10
AASTGKLI,ASSSGPPKGH,GILGFVFTL,0,1.9273994e-06
AMIPNFNKFY,AISPTGRGGELF,GILGFVFTL,0,7.929487e-09
ALNTGGFKTI,ASSRSGDYNEQF,GILGFVFTL,0,7.1987733e-07
ATLPVNDYKLS,ASSEGVTDTQY,GILGFVFTL,0,7.455205e-05
AASWAGNMLT,ASRPPGQGILETQY,GILGFVFTL,0,4.19788e-06
AYRSPWNTGNQFY,SARDMSGGELNEQF,GILGFVFTL,0,9.0180447e-07
ALYNTDKLI,ASSSTSGSVYEQY,GILGFVFTL,1,0.9971665
AVKGFGNVLH,ASSDTRTGGALGNQPQH,GILGFVFTL,0,4.784373e-08
AGPDQTGANNLF,ASSLYRQGTDTQY,GILGFVFTL,0,5.039246e-07
AVEKVVARLM,ATSEWGTGTDTQY,GILGFVFTL,0,0.0014344752
APMDSNYQLI,SAMSRDPYNEQF,GILGFVFTL,0,1.9000021e-08
VVNRDSNYQLI,ASSLGRAYEQY,GILGFVFTL,0,6.739399e-07
AFISGTYKYI,AWSDTGAEQPQH,GILGFVFTL,0,2.1705662e-06
AGLSNTGNQFY,ASSYSFSGGTYEQY,GILGFVFTL,0,0.00041809678
AVDSGTYKYI,ASSSLAGGRETQY,GILGFVFTL,0,5.7523405e-08
VYSGGGADGLT,ASSLQGSEQF,GILGFVFTL,0,4.789544e-05
AVKSGATNKLI,ASSLGPTTAAGYNSPLH,GILGFVFTL,0,2.5807974e-09
AERGHGQNFV,ASSLSSYEQY,GILGFVFTL,0,1.6151849e-09
AFRDNYGQNFV,ASRTGTGGYDTEAF,GILGFVFTL,0,5.468558e-05
AMRAAYSGAGSYQLT,SVDGQGAPYEQY,GILGFVFTL,0,1.4518696e-08
AVARDDKII,ASSQGTVTPTEAF,GILGFVFTL,0,0.0033956468
AGNSRAGRRALT,ASSSGTGPYNEQF,GILGFVFTL,0,2.1119822e-08
AYSWETSGSRLT,ASREGIGDNTEAF,GILGFVFTL,0,3.3594905e-09
AARGR,ASSPGGDQETQY,GILGFVFTL,0,7.160129e-09
ALSDHNARLM,ASSSDRSSGNTIY,GILGFVFTL,0,1.0403179e-05
GADIGGTSYGKLT,ASSYRRDSFGTNEQF,GILGFVFTL,0,3.1722303e-10
AVKGGSYIPT,ASSQARNTEAF,GILGFVFTL,0,8.269991e-10
ARNRDDKII,ASRSGTEDYGYT,GILGFVFTL,0,9.3000544e-08
AESGNQFY,ASSPGLGGDTQY,GILGFVFTL,0,8.798115e-08
AYRSGSGGSNYKLT,AISEKASGGPRETQY,GILGFVFTL,0,8.341637e-08
VVNRTRNFNKFY,ASSSQAVSGFEYEQY,GILGFVFTL,0,3.6274855e-08
AEIPNYGGSQGNLI,SVEDRPLAAGDNEQF,GILGFVFTL,1,0.00085926056
AFMMRETSGSRLT,ASSVDSYSGNTIY,GILGFVFTL,0,0.0031445026
AGNNNNDMR,ASSYGIPGYNEQF,GILGFVFTL,0,0.90000474
AYSWETSGSRLT,SVEVLLNLALYNEQF,GILGFVFTL,0,9.1683523e-07
AVWDGNKLV,ASRVASGWSTDTQY,GILGFVFTL,0,5.3721794e-07
AMREGFKTDKLI,ASSLVSRGEAF,GILGFVFTL,0,1.7354956e-10
LVGPPYSSASKII,SARHSLQGDYGYT,GILGFVFTL,0,7.320846e-05
AGTNTGNQFY,ASSPCTSGGYNEQF,GILGFVFTL,0,0.00034931302
LLGESGGSNYKLT,ASSLKRTGTSGSQVYNEQF,GILGFVFTL,0,4.731548e-06
AVEGDPGGSYIPT,ASSLEDFYEQY,GILGFVFTL,0,1.3319699e-08
ALSPLLNAGGTSYGKLT,ASSSSPDRAFYGYT,GILGFVFTL,0,1.0863247e-07
AQALGGGADGLT,ASSLQGPSEQY,GILGFVFTL,0,0.0001924634
AHRGSQGNLI,ASSLMGPGTDTQY,GILGFVFTL,0,6.8998083e-06
ATDERFNNAGNMLT,ASSVNRVFSTDTQY,GILGFVFTL,0,1.6553205e-10
AMSAGTGGFKTI,ASSLRQTPSTDTQY,GILGFVFTL,0,2.7591346e-08
ALRTDGYGQNFV,ASSLRGSSYNEQF,GILGFVFTL,0,2.0049484e-10
AVKGGKST,ASSQGQHEETQY,GILGFVFTL,0,0.0032481253
AAVSGTSYGKLT,ASSQGTGRYEQY,GILGFVFTL,0,4.4476147e-09
AVRLMGAGSYQLT,ASSSGTGGREEKLF,GILGFVFTL,0,2.5827733e-08
ALATSGTYKYI,ASSHPATSGDTDTQY,GILGFVFTL,0,6.561396e-10
ASRDNFNKFY,SARVLRGEATNEKLF,GILGFVFTL,0,5.1705562e-08
AVPDYGQNFV,ASSLEGGYTDTQY,GILGFVFTL,0,8.966061e-09
APNYGQNFV,ASSLSAGGGDTIY,GILGFVFTL,0,1.7742551e-09
ALRDYGGATNKLI,ASSERRAIQETQY,GILGFVFTL,0,4.4392414e-07
ALVDSSYKLI,SADQGVSTEAF,GILGFVFTL,0,2.6152613e-09
AFMKQGVSGTSYGKLT,SPNPFDGIPGTQY,GILGFVFTL,0,0.00015386939
AVYVVNTGFQKLV,ASSPTGTPSYNEQF,GILGFVFTL,0,2.602344e-07
AVIGDDKII,ASRVGQGSTGLYNEQF,GILGFVFTL,0,5.828777e-07
VTGGFKTI,ASSPSPGTAYEQY,GILGFVFTL,0,3.823256e-08
AVPPSYNTDKLI,ASSPTGGYTEAF,GILGFVFTL,0,1.9103503e-09
AYRSPWGTDKLI,ASSSRTGQETQY,GILGFVFTL,0,1.2604118e-06
ASRGTDKLI,SVWLTNTGELF,GILGFVFTL,0,0.00015377998
AVVGSGSRLT,ASSFGGDTEAF,GILGFVFTL,0,1.0098773e-07
AASMDSNYQLI,ASSPPGTGETQY,GILGFVFTL,0,1.2724804e-07
APRSNTGKLI,ASSLAQGYYGYT,GILGFVFTL,0,3.8455e-06
VVNHLFSGGYNKLI,ASSPTSGGGDTQY,GILGFVFTL,0,2.0339426e-06
AASRAGGGNKLT,AIRGLAGVRDEQF,GILGFVFTL,0,3.818395e-08
AVPETTSGTYKYI,ASSGHGVTHNTGELF,GILGFVFTL,0,1.0747643e-08
AARSGGNKII,SARDRVTGELF,GILGFVFTL,0,1.544353e-05
AVEEVDTGRRALT,ASSLGDGGGNEQF,GILGFVFTL,0,6.769675e-05
AERGGYQKVT,ASSASAGTANTGELF,GILGFVFTL,0,2.6589142e-09
AVQAVQGGKLI,ASSEKGGPYQETQY,GILGFVFTL,0,1.0573995e-08
AAGSGGYQKVT,ASSQGDRVVSGSPLH,GILGFVFTL,0,4.7985006e-05
AFMATYKYI,ASSQPTGTGALSTDTQY,GILGFVFTL,0,4.073005e-07
ALSGYSSASKII,ASSEEPRLDKGKYGYT,GILGFVFTL,0,2.2068257e-08
AVNDARLM,ASSPIAAGGTGELF,GILGFVFTL,0,1.8363611e-06
AMREGESNFGNEKLT,ASSLATGSLGTNEKLF,GILGFVFTL,0,8.552652e-09
VVNIGAGKST,ASSQDHSEQY,GILGFVFTL,0,0.49721166
AVGAENTGGFKTI,ASSKGTSTNEKLF,GILGFVFTL,0,0.0049708486
AASTQGGSEKLV,ASRFYTSNSPLH,GILGFVFTL,0,1.5600698e-08
GAEGGKLV,ASSLATGTDSNQPQH,GILGFVFTL,0,0.023569226
VVSLMEYGNKLV,ASSEGGPDSPLH,GILGFVFTL,0,2.2580863e-08
AFMKLDSSYKLI,ASSLPLGFTYEQY,GILGFVFTL,0,6.31602e-09
VVNDNNDMR,ASSWGGQGYT,GILGFVFTL,0,1.0128176e-06
AMSTGYSTLT,ASSLEWLNTEAF,GILGFVFTL,0,1.8471527e-08
ATEMDFGNEKLT,ATSRLAGEEQY,GILGFVFTL,0,5.2691317e-05
AVGQAGTALI,ASRTVKFLYGYT,GILGFVFTL,0,3.366033e-07
GTGPKI,ATSDSGDSSYEQY,GILGFVFTL,0,2.042428e-05
GTAALYGATNKLI,ASSVDGRQTKNIQY,GILGFVFTL,0,4.3693024e-08
AVSPNTGNQFY,ASSAGPDRTYEQY,GILGFVFTL,0,1.4865287e-07
AASVNQGGKLI,ASSQGPNYEQY,GILGFVFTL,0,2.2688752e-08
VVKGWHSGGGADGLT,SAQILGQSSYEQY,GILGFVFTL,0,8.701155e-08
LVVTENQGGKLI,ASSLAAGGPTDTQY,GILGFVFTL,0,1.2355424e-05
AFMKNDMR,ASSLYQGEVDTQY,GILGFVFTL,0,4.5150875e-07
AVNRAGGFKTI,ASSPPSGGYNEQF,GILGFVFTL,0,0.0021350682
AGGGDSNYQLI,ASSLSRNYGYT,GILGFVFTL,0,1.4559011e-05
AVSRKAAGNKLT,SVEVRYNEQF,GILGFVFTL,0,3.3508702e-09
AAQNFGNEKLT,ASSAETDTDTQY,GILGFVFTL,0,2.50915e-09
AYIGGSQGNLI,SARDIGLAGEVSTDTQY,GILGFVFTL,0,8.294758e-05
AVHGSGNTGKLI,ASKGQGLSEQF,GILGFVFTL,0,5.4046774e-05
ASRDNFNKFY,SVEEAGELF,GILGFVFTL,0,4.9206676e-07
GLTGANSKLT,ASSLGSSGEAF,GILGFVFTL,0,2.2393635e-07
VGSGKLI,SARSHPTYEQY,GILGFVFTL,0,0.05369872
AVKGITGGGNKLT,ASSPPARVQY,GILGFVFTL,0,0.00022473931
AVRGVGAAGNKLT,ASSLDGVDTQY,GILGFVFTL,0,0.00042515993
AVRGSNYQLI,ASSTGVDTQY,GILGFVFTL,0,1.1618225e-06
VVSGYSTLT,ASSLGGTGGYT,GILGFVFTL,0,1.1514276e-06
AESKPHNYGQNFV,ASSQRGGDTEAF,GILGFVFTL,0,6.3177744e-05
AVTGSQGNLI,ASSIRSSYEQY,GILGFVFTL,1,1.0
ALSADRGSTLGRLY,ASSTSSGTGELF,GILGFVFTL,0,2.3870605e-06
AVRSNTGFQKLV,ASSDPPFTQETQY,GILGFVFTL,0,1.9212195e-05
AAQGRYSTLT,ASTATSGGGETQY,GILGFVFTL,0,5.668714e-06
ALSEALDNNDMR,ASSPIPGQPLH,GILGFVFTL,1,3.6433295e-08
ATVGGTGANNLF,ASSPLVDTQY,GILGFVFTL,0,2.6253122e-07
AEIESDKLI,ASSEPFTRQGQETQY,GILGFVFTL,0,4.300985e-06
AGIEEGAGSYQLT,ASSAPGGAGYEQY,GILGFVFTL,0,0.7302238
AGGSTGFQKLV,ASGPRELTSTDTQY,GILGFVFTL,0,3.208409e-06
AFTGNQFY,ASSPEWGLGTDTQY,GILGFVFTL,0,6.050519e-06
AVTGANNLF,ASSQDPGKYGYT,GILGFVFTL,0,0.009678572
AVRDGNDYKLS,ASTPIGAGY,GILGFVFTL,0,0.108210236
VVSISGGSYIPT,ASSPDTIQETQY,GILGFVFTL,0,3.1795073e-05
AMSRPATTDSWGKLQ,ASSQGGGGTTEAF,GILGFVFTL,0,0.92557037
ATDNTNAGKST,ASSPGEKLF,GILGFVFTL,0,9.534701e-06
AFTYNNNDMR,ASSQETGQYTQY,GILGFVFTL,0,0.00027111173
AVQAREVAGGTSYGKLT,ASRLWVATEAF,GILGFVFTL,0,3.471659e-08
ATDAVEYGNKLV,ASSHRSGGPYNEQF,GILGFVFTL,0,1.0639853e-05
AVMDSNYQLI,ASSELAGGTDTQY,GILGFVFTL,0,9.417092e-07
AGEGDSNYQLI,ASSTRNGDRGGTYNEQF,GILGFVFTL,0,2.0719135e-06
ALQSPLGDYKLS,ASSLAGYEQY,GILGFVFTL,0,9.672409e-06
AENHSGGTSYGKLT,ASSLRSGLGEQY,GILGFVFTL,0,3.8581547e-06
ATVPTDSWGKFQ,ASRAGGGVHNEQF,GILGFVFTL,0,9.916838e-06
AFNYQLI,ASSSKGLAGVYEQY,GILGFVFTL,0,1.0673059e-08
AVYSNTGKLI,ASSVQGATEAF,GILGFVFTL,0,0.008275837
AFPGLGANNLF,SARVPQIQETQY,GILGFVFTL,0,2.691396e-09
AVPDSSASKII,ASSYQDSDTEAF,GILGFVFTL,0,5.6981882e-08
AVRPPNQAGTALI,ASSPGGGLFTDTQY,GILGFVFTL,0,6.8308617e-09
ALFGWNQGGKLI,ASSDPGLAGGRNTGELF,GILGFVFTL,0,1.223821e-07
AASRDYKLS,ASSLISGGNQPQH,GILGFVFTL,0,5.639378e-07
AVEYGNKLV,SARDGVAGAYEQY,GILGFVFTL,0,2.7607352e-06
AADYNYGQNFV,AISETGQPPNEKLF,GILGFVFTL,0,6.7120714e-06
AAISYGSGNTGKLI,ASSLGEVGELF,GILGFVFTL,0,5.704912e-07
ACSGTYKYI,ASSFTDSYEQY,GILGFVFTL,0,9.5302966e-09
AVRVSARQLT,ASSVGGETQY,GILGFVFTL,0,2.9835522e-08
AESPPTGANNLF,SANNLQGAMNSPLH,GILGFVFTL,1,1.2240224e-08
AARDDKII,ASTVPGTGNYGYT,GILGFVFTL,0,3.2974434e-08
ARTGGGNKLT,ASSATTGAHEQY,GILGFVFTL,0,1.250463e-07
AVREDSNYQLI,ASSHRDNYGYT,GILGFVFTL,0,5.261258e-07
AGAGETSGSRLT,ASGSGVSYNEQF,GILGFVFTL,0,0.48850325
AASGSKGEYGNKLV,ASSFGTTAVNTEAF,GILGFVFTL,0,0.92288077
ALNMDSSYKLI,ASSSSHGTPKANTGELF,GILGFVFTL,0,3.9633844e-07
LVLGGSNFGNEKLT,ASSLSLGYGYT,GILGFVFTL,0,4.9540137e-07
VVNSGTYKYI,ATSTPDTYEQY,GILGFVFTL,0,4.3856127e-10
AVKGGKLI,ASSLSDRGPNSPLH,GILGFVFTL,0,2.3868565e-09
AVMMDSSYKLI,ATSGGTTDTQY,GILGFVFTL,0,1.9340161e-05
AVNPQLM,ATSDTGTGLDTQY,GILGFVFTL,0,5.801033e-05
AVIMDSNYQLI,ASSQSTGDQNSPLH,GILGFVFTL,0,1.7331919e-08
AASFYTGTASKLT,ASSQSVYNEQF,GILGFVFTL,0,8.3228834e-08
ALMEYGNKLV,ASSQGQGRYEQY,GILGFVFTL,0,3.640938e-07
AVNDFNKFY,ASSLAEAGWLTEAF,GILGFVFTL,0,4.7146455e-07
AVRRVNQGGKLI,ASSEGTAVGKNIQY,GILGFVFTL,0,1.0446221e-08
VVSDRGSTLGRLY,ASSVSGDPYNEQF,GILGFVFTL,0,6.6783556e-05
AASGGGSQGNLI,ASSQDAGPRVGSGELF,GILGFVFTL,0,0.98419523
AYSWETSGSRLT,SARDIGDSNQPQH,GILGFVFTL,0,9.286672e-06
GADIRWGGNFGNEKLT,ASSPNTERDDNEQF,GILGFVFTL,0,1.8229516e-06
AFRTAGNMLT,ASSIWPAGNQPQH,GILGFVFTL,0,7.217722e-06
AVAHDKYI,SVGVENTEAF,GILGFVFTL,0,8.946932e-08
AYRSGNNNDMR,ASSQGSTGYYEQY,GILGFVFTL,0,1.6282537e-07
ALSGLAAGNKLT,ASSQDLGSFYGYT,GILGFVFTL,0,1.7129472e-06
ALLGDYKLS,ASSLGSYEQY,GILGFVFTL,0,2.0066147e-06
ALTGGGNKLT,ASSVGLASYEQY,GILGFVFTL,0,3.903892e-07
AGLGANSKLT,ASMWRGAWAGELF,GILGFVFTL,0,1.1733538e-06
VARVSQGNLI,ASSSGELF,GILGFVFTL,0,0.06004262
AVQANQAGTALI,ASSPPEGWGTTEAF,GILGFVFTL,0,1.5621787e-07
AVHPPRDSGGYQKVT,ASSYSSGGGENEQF,GILGFVFTL,0,1.7035904e-07
AYRSPQGGSEKLV,ASSHADQGLAKNIQY,GILGFVFTL,0,9.705599e-08
AVRERGFQKLV,ASSQVFGTPTPQH,GILGFVFTL,0,3.872022e-06
ARDTGRRALT,ASSSEFLGGNIQY,GILGFVFTL,0,2.3258286e-07
AYFGNEKLT,ATSDAADSGELF,GILGFVFTL,0,7.611128e-08
LVGETSGSARQLT,ASSHYGSYEQY,GILGFVFTL,0,8.903411e-10
VSMDSNYQLI,ASSYPGQGEVNEQF,GILGFVFTL,0,1.4809183e-05
GADKRGGFGNVLH,ASSEAGLVYADTQY,GILGFVFTL,0,6.933201e-05
ATDAGNQFY,ASSQVFGTPTPQH,GILGFVFTL,0,0.0020741224
GTVESGGYQKVT,ASRSGWTGELF,GILGFVFTL,0,2.4712896e-10
LVGPIYNQGGKLI,ASSPLDVIQTHSYEQY,GILGFVFTL,0,0.0021111667
AVGISNFGNEKLT,ASSLGALAAAYEQY,GILGFVFTL,0,9.39904e-09
AAFYGGATNKLI,ASSLLGGSTNYGYT,GILGFVFTL,0,1.2329751e-07
AGVSGNTPLV,ASSQEESGGTYEQY,GILGFVFTL,0,9.693191e-07
AETENQGGKLI,SARDEVQGNTEAF,GILGFVFTL,0,0.039553672
AASPITGNQFY,ASSLANEQF,GILGFVFTL,0,2.5971548e-07
AYRSPPSGTYKYI,ASSKRGGIGELF,GILGFVFTL,0,7.2573783e-09
ALSEAPGNTPLV,ASSSRRGPGELF,GILGFVFTL,0,0.06125024
AAGDDYKLS,ASRTTDSVATNEKLF,GILGFVFTL,0,4.937524e-07
AYSWETSGSRLT,ASSWDHSGANVLT,GILGFVFTL,0,1.3317997e-08
ILRGGSNFGNEKLT,AISWDYYEQY,GILGFVFTL,0,1.6159555e-07
VVPSPVGGSYIPT,ASSPSSGREHYEQF,GILGFVFTL,0,2.5671421e-05
AASMYNQGAQKLV,ASSLVSLGPYYGYT,GILGFVFTL,0,3.4915174e-06
AAGAQKLV,ASSPYDGPNYGYT,GILGFVFTL,0,0.00045233965
AGTPSNTGKLI,ASSIRASYEQY,GILGFVFTL,1,0.99999976
ANFGNEKLT,SARTTRDRNTGELF,GILGFVFTL,0,0.008345693
AYSDRGSTLGRLY,ATSRDLTRDRGYGYT,GILGFVFTL,0,8.028503e-08
ADTPIISGGYNKLI,ASSYLGLADNEQF,GILGFVFTL,0,1.8772576e-08
AYRALGTGNQFY,ASSLLIGQGDPEAF,GILGFVFTL,0,0.0054210424
GTEGAGNNRKLI,ASSQDRATYNEQF,GILGFVFTL,0,1.6526744e-09
AVLTDSWGKLQ,ASSAKDRGLPGELF,GILGFVFTL,0,3.3304889e-06
AVKNDMR,ASSGELARQETQY,GILGFVFTL,0,8.897072e-06
AVERRDDKII,ASSARVEQY,GILGFVFTL,0,6.893675e-07
AAVPFY,ASSNNNEQF,GILGFVFTL,0,3.9091822e-07
AFMIPNSFGNEKLT,ASSELLGQGSHEQF,GILGFVFTL,0,9.4455856e-07
ILRDLESGYALN,ASSDRQGMSREAQY,GILGFVFTL,0,1.9765905e-06
ALSAAGGTSYGKLT,ASSSVRDTQY,GILGFVFTL,0,0.011411816
LVGSGYSTLT,ASSYIRDREETQY,GILGFVFTL,0,4.0010827e-06
AVQRSNDYKLS,ASSLGNRGSAYEQY,GILGFVFTL,0,5.0380713e-06
AFMMSGAGSYQLT,ASSKPTGGNTEAF,GILGFVFTL,0,9.483278e-09
AVEAGTALI,ASSLGGRGDTQY,GILGFVFTL,0,3.914228e-08
AMREGMWNSGGGADGLT,ASSSSQTGGSGNTIY,GILGFVFTL,0,1.5025819e-05
AFPEAAGNKLT,ASSPSTSGYEQY,GILGFVFTL,0,3.0146825e-06
AVERGNNRLA,ASSPPGQGENSPLH,GILGFVFTL,0,3.6426168e-10
AVPGNTPLV,ASSVGGGTEAF,GILGFVFTL,0,1.786699e-08
AVGDYKLS,ASSLSINSYEQY,GILGFVFTL,0,5.4788106e-05
ALSEISGGGADGLT,ASSQERLAGALYNEQF,GILGFVFTL,0,0.0029207468
AMREEDSNYQLI,ASSHSPALGNEQF,GILGFVFTL,0,6.0515345e-06
AYRSGNQFY,ASSIDIMGTNTEAF,GILGFVFTL,0,1.12112e-06
AASASRTDVKTSYDKVI,ASSYVLGETQY,GILGFVFTL,0,3.0953153e-05
AERGDTGRRALT,ASSQDTVPPFTGELF,GILGFVFTL,0,6.682474e-08
AEISQAGTALI,ASSLLGGSTEAF,GILGFVFTL,0,0.036553293
AGYNAGNNRKLI,ASTLGGPNTEAF,GILGFVFTL,0,1.5074043e-07
AAISSGGYNKLI,ASSLLGGSTNYGYT,GILGFVFTL,0,0.0031569302
AVRDDKII,ASSLVWAGVISPLH,GILGFVFTL,0,0.0008440614
AVRDSNYQLI,ASSMKNTGELF,GILGFVFTL,0,1.6460699e-05
AVEDLGDFGNEKLT,ASSFVDTGELF,GILGFVFTL,0,1.8768208e-08
ANFGNEKLT,SARGEGSFTGELF,GILGFVFTL,0,4.4136897e-05
AASESGGYNKLI,ASSSTLAGSYNEQF,GILGFVFTL,0,2.5884856e-07
ILSPGGNYQLI,ASSPGQAGYQPQH,GILGFVFTL,0,5.8275564e-08
AGGSQGNLI,ATSEGGTTNEQF,GILGFVFTL,0,0.0060097277
AVRGSGGYNKLI,ASSLKIGHQPQH,GILGFVFTL,0,5.2945692e-05
VDSGGYQKVT,ASRIQGASGNTIY,GILGFVFTL,0,3.3029952e-08
AACRSQGNLI,ASSLSVGGYGYT,GILGFVFTL,0,1.0769334e-06
ANRGSTLGRLY,ASSLLGGTESNEKLF,GILGFVFTL,0,4.838137e-07
ARSDGQKLL,ASSLGDHATSRDYNEQF,GILGFVFTL,0,0.0045316815
ALLNFGNEKLT,ASSFPTSGGATTNEQF,GILGFVFTL,0,7.776428e-09
ALPPMNRDDKII,SARARATQDLLAKNIQY,GILGFVFTL,0,2.3652076e-07
VVSLNYGGSQGNLI,ASSLSQGPAANYEQY,GILGFVFTL,0,7.2345985e-10
ALSDLSVYNFNKFY,STQELVTYEQY,GILGFVFTL,0,9.823935e-07
AATETSYDKVI,ASSSTGPGNQPQH,GILGFVFTL,0,1.6716353e-06
AMSAEGAGNNRKLI,ASSPRTPEETQY,GILGFVFTL,0,9.638877e-05
AYSWETSGSRLT,ASSDDRASGNTIY,GILGFVFTL,0,9.612999e-07
LVGDWASGTYKYI,SARESQAGLNSPLH,GILGFVFTL,0,2.3695288e-09
AEIPPQKSDKII,ASSPQFLSNYGYT,GILGFVFTL,0,1.0928525e-05
AYTSGSTLGRLY,ASSFSGTMSYEQY,GILGFVFTL,0,0.00014191866
AVSPYMEYGNKLV,ASSLGRYEQY,GILGFVFTL,0,3.108054e-06
VVSLEYGNKLV,SARDLLQRGGPYNEQF,GILGFVFTL,0,2.3589748e-05
AFMNPTSGTYKYI,ASSLGPVEAF,GILGFVFTL,0,5.98597e-09
VVFQTGANNLF,ASSVEGTYNEQF,GILGFVFTL,0,0.00014132261
VVSLIGFGNVLH,ASRDEGVNALGEQY,GILGFVFTL,0,3.5657536e-08
AVRDSNYQLI,ASSQESGTGSEKLF,GILGFVFTL,0,0.00022602081
ILLGNQFY,ASSLADGPVEAF,GILGFVFTL,0,0.17349243
AVPWPSGSARQLT,ASSVGRGGDEQY,GILGFVFTL,0,1.4274909e-07
GGRGSNYKLT,SAVPGTSAVVEQF,GILGFVFTL,0,1.5152293e-07
VVNTYTGGGNKLT,ASSQDNDGGLYNEQF,GILGFVFTL,0,1.4927119e-06
AASFGNQFY,ASSLGGSYEQY,GILGFVFTL,0,0.00061276555
AYRSAGDSWGKLQ,ASKSTQSTPLH,GILGFVFTL,0,1.3465935e-09
AVRFSGYSTLT,ASSWEAGYT,GILGFVFTL,0,0.0005477369
IDDRGSGGSQGNLI,ASSLSRANEQF,GILGFVFTL,0,1.6498936e-05
AVLSDSSYKLI,ASSQGTGYGYT,GILGFVFTL,0,2.1073016e-07
LVGDWGTGGGNKLT,ASSVTSGELYNEQF,GILGFVFTL,0,0.0003016591
AATLYDKVI,SAPETGWGETQY,GILGFVFTL,0,0.0008803904
AERDSWGKFQ,ASSYGALAVVETQY,GILGFVFTL,0,0.0003145337
AGQNDYKLS,SARIFGVVGNEQF,GILGFVFTL,0,0.00034672022
GTENGYALN,SVLGLAGGIYNEQF,GILGFVFTL,0,1.44437e-07
AYMPGTASKLT,ASSVRLAGSYNEQF,GILGFVFTL,0,4.5880623e-07
AMREPGGSNYKLT,ASSYGAAVGSPLH,GILGFVFTL,0,0.0032347143
AGSPGYSSASKII,ASSPPTGTNYNEQF,GILGFVFTL,0,1.6685661e-06
AYYGGSQGNLI,SASRYQGWGEQY,GILGFVFTL,0,1.1605889e-06
AVPLSAGGTSYGKLT,SVEVTRTSSYEQY,GILGFVFTL,0,0.0008856356
AVSDIPKYTGANSKLT,ASSQELTSGSLYYEQY,GILGFVFTL,0,0.001791954
APYTGGGNKLT,ASSYTGVFYNSPLH,GILGFVFTL,0,1.1981548e-05
AYNEGDMR,ASRPQGLGKNIQY,GILGFVFTL,0,1.0035337e-06
LLGERDSGAGSYQLT,ASSYSVSTEAF,GILGFVFTL,0,1.34167e-05
VVDTGGFKTI,ASSLEGGARNGYT,GILGFVFTL,0,2.3710809e-06
AVRPNPWGGADGLT,ASSPDRAYGYT,GILGFVFTL,0,6.092515e-10
AMSGANSKLT,ASMDSYNEKLF,GILGFVFTL,0,0.00020357966
AVSPLGGSQGNLI,ASSIRSSYEQY,GILGFVFTL,1,0.99979997
AYSWETSGSRLT,ASSPPFLAGSGSSYEQY,GILGFVFTL,0,2.6199306e-08
AVRSTGKLI,ASSPTDSNQPQH,GILGFVFTL,0,0.46769845
AEIANFGNEKLT,ASSQDPTASSYEQY,GILGFVFTL,0,3.2376336e-06
ATDAIPSNTGKLI,ASSPPFLAGSGSSYEQY,GILGFVFTL,0,3.8036972e-06
ATDSGYSTLT,ASMASGFSYNEQF,GILGFVFTL,0,1.08214435e-05
AVSPVGATNKLI,ASSLGPSSYNEQF,GILGFVFTL,0,1.2491353e-07
ARSEGAGTALI,ASARTSGPKSTLGEYNEQF,GILGFVFTL,0,8.301449e-06
AFMDSNYQLI,ASSRLAGSTDTQY,GILGFVFTL,0,8.269957e-05
GTELYSGGGADGLT,ASSLGPPQLSYNEQF,GILGFVFTL,0,2.5098754e-07
AYRSNGNQFY,SARIPGGAWYEQY,GILGFVFTL,0,0.77860683
AAINFSGGYNKLI,ASSGGFGYT,GILGFVFTL,0,0.00014668703
AVRDGGGGYNKLI,ASSSKQGMATEAF,GILGFVFTL,0,0.0004852116
AGAGGGSQGNLI,ASSARSADTQY,GILGFVFTL,1,1.0
AVSVEGNNNARLM,ATSARWGGNTEAF,GILGFVFTL,0,8.29225e-09
AASIGSGANSKLT,ASSLDLTYEQY,GILGFVFTL,0,2.1708071e-07
AFMKQNYGQNFV,ASSPGTANTEAF,GILGFVFTL,0,2.92475e-09
AAPNFGNEKLT,ASGLVVLAGGYCEQF,GILGFVFTL,0,8.69541e-07
AGSSGSARQLT,ASSTPLEGETGELF,GILGFVFTL,0,4.7147353e-07
AVDKGYGGATNKLI,AIGGDSAYEQY,GILGFVFTL,0,8.559534e-10
AVLDTGRRALT,ASRSQRGPGDTQY,GILGFVFTL,0,3.5990913e-06
AVPMDSNYQLI,ASSFPTSGGATTNEQF,GILGFVFTL,0,4.6459203e-08
AGVPNEKLT,ATIRDRGIRYYNEQF,GILGFVFTL,0,3.6544495e-07
AVQALRDDKII,ASNPGGPGTEQY,GILGFVFTL,0,5.0585036e-06
AASGSSNQFY,ASSQAGGLAPTGELF,GILGFVFTL,0,0.00025382638
AVGAKYGSNYQLI,ASSLDGYTGELF,GILGFVFTL,0,2.4041743e-08
AFTYNNNDMR,ASSQETGSYTQY,GILGFVFTL,0,6.925406e-06
GADETSGTYKYI,SVGSGEGYEQY,GILGFVFTL,0,1.9664309e-07
AASMGNQFY,ASSDGGWVGYT,GILGFVFTL,0,1.5455795e-06
AESIPSASKII,SARDPVYSGESSYEQY,GILGFVFTL,0,1.1047033e-06
ASRDNFNKFY,ASSIRGAEAF,GILGFVFTL,0,1.5009627e-08
AEPSHRRMR,ASSHVGATVGERAIY,GILGFVFTL,0,8.5204135e-07
AYRSGNGGSQGNLI,ASSVDAGSYEQY,GILGFVFTL,0,3.0716976e-06
AVRDKGGTASKLT,ASSLAGVDTQY,GILGFVFTL,0,2.8165055e-09
AGREDNNNDMR,ASSYSDGLYEQY,GILGFVFTL,0,0.0016617179
AETDGFQKLV,ASSPIGDRGPDTQY,GILGFVFTL,0,2.6258278e-09
AVRGITQGGSEKLV,ASSLKGTIMDT,GILGFVFTL,0,1.9580878e-06
AMREPYGNQFY,ASSGLRGGYSNQPQH,GILGFVFTL,0,4.794123e-05
ATDMGAGNMLT,ASSAWASTNTGELF,GILGFVFTL,0,1.5237129e-06
AVRPNNARLM,ASSEAPSGLRTYEQY,GILGFVFTL,0,9.364933e-05
AVSPNRDDKII,ASSLSTNSGEQY,GILGFVFTL,0,1.1951521e-09
AYSWETSGSRLT,ASSLIGGLGGYGYT,GILGFVFTL,0,7.019688e-08
VVSGGSNDYKLS,SAELSLETSGEQY,GILGFVFTL,0,0.002796948
AASSRSYNTDKLI,ASSQEPGDWQYEQY,GILGFVFTL,0,6.470434e-05
AVLNAGKST,ACCRSGSNYGYT,GILGFVFTL,0,0.020109594
VVNIPSAARLM,SARGEGMSYEQY,GILGFVFTL,0,3.5537475e-09
AFMKEANTGFQKLV,ASSLYSGNAKNIQY,GILGFVFTL,0,2.6201371e-05
AVILSNTGKLI,ASSLGLRRGANYGYT,GILGFVFTL,0,0.042917013
ATDLMDTGRRALT,ASSQDSGGSREQY,GILGFVFTL,0,2.3592481e-06
AEISSGGSYIPT,ASSSAPASGRVFGELF,GILGFVFTL,0,0.09250924
AGARSYQLT,ASSSLLPSSFVVGELF,GILGFVFTL,0,2.8806724e-07
AVGVTTDSWGKLQ,ASYSPVRRGAGETQY,GILGFVFTL,0,1.5792357e-05
AYWAGANSKLT,SAGPERAWPYEQY,GILGFVFTL,0,5.0340972e-05
AASAKGRKGGSEKLV,ASSQLPWDSSYQETQY,GILGFVFTL,0,6.509563e-05
AVRDDKII,ASRYRGESYEQY,GILGFVFTL,0,0.00072559714
ARISSGSARQLT,ASSLVGQNYEQY,GILGFVFTL,0,2.0667776e-05
LVGDIHSGGYQKVT,ASRTSGTQY,GILGFVFTL,0,0.39331293
AVRGPFGAGNMLT,ASSSSYEQY,GILGFVFTL,0,1.7415351e-07
GPQTTDSWGKLQ,ASSTRSGETQY,GILGFVFTL,1,0.9975086
AVSGAGNMLT,SASRRVNTEAF,GILGFVFTL,0,0.0002449751
AVKDDYKLS,ASYLNREAF,GILGFVFTL,0,3.9365844e-08
AASIPGGFKTI,ASSRPQGAGETQY,GILGFVFTL,0,1.1368929e-07
AVIDSNSGYALN,ASSLLGAEAF,GILGFVFTL,0,0.00011141409
AGATGGSQGNLI,ASSSRSSGEQY,GILGFVFTL,1,0.9999987
AMRWAGGTSYGKLT,ASNLGIETEAF,GILGFVFTL,0,1.15104484e-07
AVRDSNQAGTALI,ASRDYLTDTQY,GILGFVFTL,0,1.2163047e-05
AMSDTGNQFY,ASSADSGELF,GILGFVFTL,0,6.538067e-06
AYRSASNFNKFY,ASSLMGNQPQH,GILGFVFTL,0,1.2060574e-08
AVTPSGTYKYI,ASSPAPDRGAQH,GILGFVFTL,0,4.0371942e-11
AMREGVRDAGKST,ASTQGGVHEQY,GILGFVFTL,0,9.460239e-10
AETLDRGSTLGRLY,ASSSGLAVPPRFYEQY,GILGFVFTL,0,9.4057505e-08
ALSEAGDYKLS,ASSSRAGALTDTQY,GILGFVFTL,0,3.0664526e-06
AVNENYGQNFV,ATSGTLGTEAF,GILGFVFTL,0,2.7771958e-07
AGPPSNTGKLI,ASSIRSGYEQY,GILGFVFTL,1,1.0
AASSPSNYQLI,ASSSAGRGNEQF,GILGFVFTL,0,9.009832e-08
AVTEWYSSASKII,SARVEDQPQH,GILGFVFTL,0,5.665404e-07
AFSNGNEKLT,ASSIFGTDTQY,GILGFVFTL,1,0.0014359057
AEILTGGGNKLT,ATSSWGEVTDTQY,GILGFVFTL,0,0.0024293065
MLRGFYGGSQGNLI,ASSLGRGYTGELF,GILGFVFTL,0,6.599246e-11
AVNSRGGSQGNLI,ASSPTGNEQF,GILGFVFTL,0,4.2580538e-08
AGAGNAGNMLT,ASSPLSLNTEAF,GILGFVFTL,0,0.0012786388
AVNSLRTSGTYKYI,ASSFRGGAYETQY,GILGFVFTL,0,1.9328745e-07
ACCYSGTYKYI,ASSVAGGGPDTQY,GILGFVFTL,0,0.0037914515
APYGGSQGNLI,ASSLEGDYGYT,GILGFVFTL,0,0.004413724
AATSGAGSYQLT,ASSFGGLGGPNEQF,GILGFVFTL,0,1.3571765e-06
AGPPRGNTNAGKST,SARDPVGSGRLTDTQY,GILGFVFTL,0,3.1537668e-06
LVGGDSFGNVLH,ASSEIVTGLGYGYT,GILGFVFTL,0,1.4098115e-08
VGIRAGNNRKLI,SARDRTGNGYT,GILGFVFTL,0,0.9951997
GTEPRANFNKFY,ASSAQGADTDTQY,GILGFVFTL,0,4.3972577e-09
AVGPSGGGADGLT,SASGGPGYEQY,GILGFVFTL,0,1.1477257e-07
AVLRTDSWGKLQ,SATTGIGYT,GILGFVFTL,0,0.08724627
AFMDNTGNQFY,ASSLTGINIQY,GILGFVFTL,0,1.6303778e-07
VVSSGGGADGLT,AGRIAGGSYEQY,GILGFVFTL,0,1.4151682e-05
ATVVEDSSYKLI,ASSSLTGFGYT,GILGFVFTL,0,0.06494531
AVQANTGNQFY,ASSLLAGVYGSYNEQF,GILGFVFTL,0,1.6815446e-05
AGVSGARLM,SVVAPSTEAF,GILGFVFTL,0,2.009214e-07
AFMVRMNRDDKII,AWRISTSGAYEQY,GILGFVFTL,0,1.4337574e-05
VVNIGNTGTASKLT,ASRLWILSPANTEAF,GILGFVFTL,0,3.3974985e-08
LVGDGVNTDKLI,ASSFRPREQY,GILGFVFTL,0,5.059367e-10
AGQPKPNSGNTGKLI,AISETRQAPNEKLF,GILGFVFTL,0,4.2228692e-07
AVRRASGGYNKLI,ASSPPPPGNEQF,GILGFVFTL,0,1.1064984e-05
AMREIQGAQKLV,ASSPRQNTGELF,GILGFVFTL,0,2.2335719e-06
AVRREGKLT,ASLDTLYNEQF,GILGFVFTL,0,0.004450798
AVPIYNQGGKLI,ASSGEREGHTGELF,GILGFVFTL,0,1.5549891e-07
AMREGTGNTPLV,ASSVGADTQY,GILGFVFTL,0,3.1616673e-05
AVQAVTDSWGKFQ,ASSTPPGGDQYSPLH,GILGFVFTL,0,1.0496132e-06
LVGESSGGYQKVT,ASSLGGNYGYT,GILGFVFTL,0,1.4085825e-09
AVRINNNDMR,ASSIGGAGAF,GILGFVFTL,0,0.015576065
AVFAGGTSYGKLT,ASSQEAGGNYEQY,GILGFVFTL,0,2.5008232e-08
AVESNDYKLS,ASRGRAEQF,GILGFVFTL,0,3.0640217e-07
AVRHPGGAAGNKLT,SARNAGGPKYNEQF,GILGFVFTL,0,6.9493362e-06
AAVDGQKLL,ASSLATGELF,GILGFVFTL,0,2.8583296e-08
LVVGNAGNMLT,ASSGVYDEQF,GILGFVFTL,0,1.4951554e-06
AMREGSSNTGKLI,ASSAGTRKF,GILGFVFTL,0,1.3411814e-05
ACLQGAQKLV,ASSLDGGTPEQY,GILGFVFTL,0,4.1388586e-05
AGVNYGGSQGNLI,ASAYYSNQPQH,GILGFVFTL,1,0.50618535
AYRGGDSNYQLI,ASSLGTGGTDTQY,GILGFVFTL,0,1.9626343e-08
AVWKETSGSRLT,ASSPLLGSYEQY,GILGFVFTL,0,4.520292e-07
AGRTGTASKLT,ASSLTPEAF,GILGFVFTL,0,2.202482e-08
AAIRSNTNAGKST,SVGQGLGTEAF,GILGFVFTL,0,4.9778444e-09
AVEAPGATNKLI,ATRRDYEQY,GILGFVFTL,0,2.5145015e-09
VVSENTDKLI,ASSQVPLSGRAIALTGELF,GILGFVFTL,0,0.00078728795
AANTGGGNKLT,ASSLAGGLETQY,GILGFVFTL,0,5.647009e-09
AVRRRIDNDMR,ASSSQGDSYNSPLH,GILGFVFTL,0,2.406488e-05
APMNQAGTALI,ASSLETGLDYGYT,GILGFVFTL,0,0.058770478
AEGGPYTDKLI,ATLHKTGDNQPQH,GILGFVFTL,0,0.0010825694
AVRDWNARLM,ASSLDRAGYT,GILGFVFTL,0,0.0005925298
LVGDLRGYGSSNTGKLI,ASSGRDSFNYEQY,GILGFVFTL,0,1.99765e-10
VVSAVTGANNLF,ASSAPGGLAPVDEQY,GILGFVFTL,0,0.0008318722
GGDNQGGKLI,SARVAGESQPQH,GILGFVFTL,0,0.12149274
AYSWETSGSRLT,ASSLAAGGPTDTQY,GILGFVFTL,0,7.785912e-09
AVNWDDKII,ASSPRTSRDTQY,GILGFVFTL,0,3.7692407e-06
ALKNYQLI,ASSPGVRDQETQY,GILGFVFTL,0,7.918117e-10
GTEIGDSNYQLI,ASSVARTGNTGELF,GILGFVFTL,0,1.1298657e-06
AVSLDSSYKLI,ASGPGRTTDNEQF,GILGFVFTL,0,8.0246755e-06
AVIPWAGGFKTI,ASSQEVGARDEQF,GILGFVFTL,0,2.840337e-07
AANTGFQKLV,SARSDPSYEQY,GILGFVFTL,0,6.078279e-08
VVTLYNFNKFY,ASSLAGSNTEAF,GILGFVFTL,0,5.6828625e-08
ALRGPSGYALN,ASSYSRGLRNTGELF,GILGFVFTL,0,4.5522881e-07
AGATGNQFY,ASSEFLLGMNTEAF,GILGFVFTL,0,1.0374525e-07
AVRVLSGGSYIPT,ASSPGQTSYEQY,GILGFVFTL,0,5.337375e-06
AVGARSGGYNKLI,ASSYGQDSGANVLT,GILGFVFTL,0,7.3037356e-08
LVGVVGGYNKLI,ASSPRTRTDTQY,GILGFVFTL,0,4.469421e-08
AVRDKVSTLT,ASSLGDTTYEQY,GILGFVFTL,0,0.011103928
AAHTGTASKLT,ATSGQTNTIY,GILGFVFTL,0,1.237341e-08
AYRSYYSGGGADGLT,ASSFRPTGTSSYEQY,GILGFVFTL,0,3.5052912e-09
AVIEYGNKLV,ASSLTDIYNEQF,GILGFVFTL,0,2.7146286e-06
ALVNDYKLS,ASSLAKDRFYEQY,GILGFVFTL,0,7.865983e-06
AERDSWGKFQ,ASSFPTSGGATTNEQF,GILGFVFTL,0,3.2727543e-09
ALSDKFY,ASSLGLAGAEETQY,GILGFVFTL,0,0.00015339255
ASDGQKLL,ASSITTASNQPQH,GILGFVFTL,0,0.0021556318
AVREIDNQGGKLI,ASSTGTGTGELF,GILGFVFTL,0,6.533171e-05
AASMFSGGYNKLI,ASSLGGNYGYT,GILGFVFTL,0,2.1024368e-08
AVRSQNYGGSQGNLI,ASSPSGGGEQY,GILGFVFTL,0,4.176132e-07
AAGGGADGLT,ASSLGDRGY,GILGFVFTL,0,0.00012892485
AVMDSNYQLI,SARDPTSGAPNEQF,GILGFVFTL,0,0.0010406673
AVNTGNQFY,ASSLGAGGMAEAF,GILGFVFTL,0,0.0006199181
AVRDDTGGFKTI,ASSDPGTGHTEAF,GILGFVFTL,0,9.715374e-07
AMRGDPGGTSYGKLT,AAGLYSNQPQH,GILGFVFTL,1,0.03311348
ADPGGSGGYNKLI,ASSLRETAIYGYT,GILGFVFTL,0,9.175521e-06
GMDSSYKLI,SASLGQEGFYGYT,GILGFVFTL,0,0.002505511
AGRMDSSYKLI,SARDPGAGTEAF,GILGFVFTL,0,0.0001046426
AVQGRGFGNVLH,SARDFVGGETQY,GILGFVFTL,0,4.590248e-10
IAPLSNAGGTSYGKLT,SAKQDRLEPQH,GILGFVFTL,0,0.0044498444
ALSVLNAGNMLT,ASSLGENYNEQF,GILGFVFTL,0,3.912218e-09
AAFYNTDKLI,ASSLVSNYGYT,GILGFVFTL,0,9.520181e-08
AMREGDYGNNRLA,ASSPWDRGNTEAF,GILGFVFTL,0,1.2536979e-05
ILRGGSNDYKLS,AISESLGPPYEQY,GILGFVFTL,0,1.5827004e-07
AVDSWGKFQ,ASSARQGAGELF,GILGFVFTL,0,6.428155e-05
AVNMIKTGGFKTI,SAPDYRNSYNEQF,GILGFVFTL,0,2.6277555e-06
AVTVFSGGSQGNLI,ASSVETSGGYGYT,GILGFVFTL,0,0.0002989769
AVQALMDSSYKLI,ASGRDFEKLF,GILGFVFTL,0,1.9256565e-09
AVHNQGGKLI,ASSDRGQDNEQF,GILGFVFTL,0,2.0299301e-07
AVRDSNYQLI,ASSFFVVTSGRAVYGANVLT,GILGFVFTL,0,0.5826257
AALGGYQKVT,ASSVAGGSYEQY,GILGFVFTL,0,1.2401676e-05
AVRPPYSGNTGKLI,ASSFRANTEAF,GILGFVFTL,0,0.0010142028
AVRDSNYQLI,SARDLRGAPPNEQF,GILGFVFTL,0,2.9776738e-08
AVMDSNYQLI,SARDQSGGASEEQF,GILGFVFTL,0,0.000618577
LVGEDTGFQKLV,ASSSSTLDSYDYGYT,GILGFVFTL,0,5.11263e-11
ALPNTGNQFY,ASSQPRTGGTEAF,GILGFVFTL,0,4.7595193e-05
AVIPNNAGNMLT,ASSPNLIMARRNTEAF,GILGFVFTL,0,8.9462326e-08
AGYPYNNNDMR,SARDTTHQPQH,GILGFVFTL,0,3.1859025e-05
AVSFQAAGNKLT,ASSLGDHATSRDYNEQF,GILGFVFTL,0,7.38834e-05
GTVANNNDMR,ASSSSGISYEQY,GILGFVFTL,0,8.909859e-06
AVKNNNAGNMLT,ASSSPYEQY,GILGFVFTL,0,3.658163e-05
AASEEAQAGTALI,ASSVENDGWNIQY,GILGFVFTL,0,1.00516914e-07
ATDDVRGNNDMR,ASSVGTLRTDTQY,GILGFVFTL,0,8.46424e-07
VVNGQAGTALI,SANGGGQLKNIQY,GILGFVFTL,0,3.616227e-07
IVRAPLSSNTGKLI,ASSHRETGANVLT,GILGFVFTL,0,1.7268926e-08
VVRDARLM,ASSPTGGHVSTDTQY,GILGFVFTL,0,4.119912e-07
VVNQAGTALI,ASRFPSVPEGEQF,GILGFVFTL,0,1.350601e-09
AFMKPLGAGKST,ASSYYNPRTGERLAF,GILGFVFTL,0,0.3475763
AAQYGNKLV,SVEDFRQERTFYGYT,GILGFVFTL,0,1.4603899e-07
ALNPLKAAGNKLT,ASSLDVSPLH,GILGFVFTL,0,9.820493e-06
VVNWGSDMR,ATSDLGQENTGELF,GILGFVFTL,0,1.7179271e-08
AFMKFGNHNNARLM,ASSHQSGPLASYNEQF,GILGFVFTL,0,7.304861e-07
ATGATMEYGNKLV,ASSLREGSYEQY,GILGFVFTL,0,3.0667275e-06
AESRLGKLI,AISDWDGRSGNTIY,GILGFVFTL,0,6.735884e-07
ALRSRRLM,ASSLHDREGVRSPLH,GILGFVFTL,0,0.0025457144
AAHGSSNTGKLI,ASSAGSTEAF,GILGFVFTL,0,0.0013383031
AAGEGSARQLT,ASSDSTDTQY,GILGFVFTL,0,2.0039975e-07
AVRPAGQKLL,ASSPPVSGQPQH,GILGFVFTL,0,1.3422421e-07
AVNTPEAAGNKLT,ASSPDYEQY,GILGFVFTL,0,1.8142566e-07
ASRGATNKLI,ASSLGQEGPEAF,GILGFVFTL,0,1.5439898e-08
AVKEYGNKLV,ASRERGGLGEQY,GILGFVFTL,0,1.9898158e-05
AESPEHNDYKLS,ASSSGAGELF,GILGFVFTL,0,2.7517416e-07
LVGTGANNLF,AISEGGSGAHYNEQF,GILGFVFTL,0,9.190794e-08
AASSGTYKYI,ASSFDQNYGYT,GILGFVFTL,0,3.179052e-09
AVTGFGNVLH,SAPIGRNTEAF,GILGFVFTL,0,2.4152533e-10
AGRLNYGGSQGNLI,ASSSEGHTEAF,GILGFVFTL,0,0.00038808584
AVDGSGSRLT,ASSLRTGDSYNEQF,GILGFVFTL,0,0.0006287396
AVRPDSNYQLI,ASSLDGGLNNEQF,GILGFVFTL,0,5.629601e-06
AVRSEGNYGQNFV,ASSLGVASEQF,GILGFVFTL,0,5.9286976e-05
VVSARGSGGGADGLT,ASSQTQGRGTEAF,GILGFVFTL,0,1.9008277e-09
AVDIHNNNDMR,ATSAGEYYQPQH,GILGFVFTL,0,0.00017943978
AVKGNQFY,ASSPRLAGYSYNEQF,GILGFVFTL,0,4.8010043e-05
AVSDRSSNDYKLS,ASSFAAGELF,GILGFVFTL,0,0.05400178
AVLVNKFY,ASSLRNGPRQPQH,GILGFVFTL,0,1.0412756e-09
LVGANYGGATNKLI,ASSQGETGNYGYT,GILGFVFTL,0,8.936234e-09
AYRSLTDSWGKLQ,ASSLQGSTEAF,GILGFVFTL,0,1.9285542e-06
VVTRGYGNNRLA,ASSPSLARSTDTQY,GILGFVFTL,0,1.469308e-09
AADNNARLM,SARDRVGNGYT,GILGFVFTL,1,0.9999702
ALDFSASGGSYIPT,ASSFGLAGEEQF,GILGFVFTL,0,3.250324e-06
AVQPTPGNTPLV,ASSQVGLNEQF,GILGFVFTL,0,1.6652319e-05
ILRAPITSGTYKYI,ASGARQFTEAF,GILGFVFTL,0,0.00013190508
AALFPSGTYKYI,ASSLGAGGSETQY,GILGFVFTL,0,1.6015949e-09
AAPSGGSYIPT,ASSPTASGEYNEQF,GILGFVFTL,0,1.1567213e-08
ALTPGNTGKLI,ASSERWDVGSRDTQY,GILGFVFTL,0,8.854866e-06
VVAETSYDKVI,ASSLSGWDRAHEQY,GILGFVFTL,0,1.4296257e-05
ILRESYNNNDMR,ASSARLAGGTDTQY,GILGFVFTL,0,4.9657086e-08
AFMKPGSYQLT,ASRPGNSGANVLT,GILGFVFTL,0,1.1482708e-09
AAASGGSNYKLT,ASSLALDPRDEQF,GILGFVFTL,0,5.5358957e-09
