CDR3a,CDR3b,peptide,prediction,binder
AANEMEYGNKLV,ASSLEGRQLNTEAF,GILGFVFTL,4.52E-05,0
AEDRDARLM,SARDRVGNTIY,GILGFVFTL,1,1
ADADSWGKLQ,ASSFGRANVLT,GILGFVFTL,1.62E-06,0
AVDTLLIQGAQKLV,ASSLTIDSGNTDTQY,GILGFVFTL,1.06E-06,0
AVDSGTYKYI,ASSQVEGLNYGYT,GILGFVFTL,1.37E-07,0
AVSTYGGSQGNLI,ASSYSRQGMNEQF,GILGFVFTL,0.000251442,0
AEDRDSTLT,SARTGVGNTIY,GILGFVFTL,0.9999999,1
GIQGAQKLV,ASGSPLH,GILGFVFTL,0.000791788,0
AENPSGYSTLT,ASSQSPGGIQY,GILGFVFTL,0.9979881,1
AVNAPDNTDKLI,ASSYIGWPGAGTGELF,GILGFVFTL,2.27E-07,0
AVMADNYGQNFV,AISEEGAVSLNGYT,GILGFVFTL,9.08E-06,0
ALSVSNQFY,ASSRDSSSYNEQF,GILGFVFTL,7.60E-07,0
GTEGAGNNRKLI,ASSQVFGTPTPQH,GILGFVFTL,0.22371173,0
AVRPGSYGGSQGNLI,SVEWGASGGTDTQY,GILGFVFTL,1.83E-07,0
AVRDSNYQLI,ASIGPESETQY,GILGFVFTL,1.87E-06,0
AERDSWGKFQ,SGDLGRQNTEAF,GILGFVFTL,0.030860633,0
VLNDYKLS,SATLQGARGNQPQH,GILGFVFTL,0.000433028,0
AGSTGGSQGNLI,ASSGRSTDTQY,GILGFVFTL,1,1
AGGGSSNTGKLI,ASRLLAGVINEQF,GILGFVFTL,0.99900705,1
AVNENYGQNFV,ASSLEGTAGYEQY,GILGFVFTL,1.28E-06,0
AVVELNRDDKII,ASSPQATGLFTGELF,GILGFVFTL,1.98E-05,0
AENTGRRALT,ASSLVGSSYNEQF,GILGFVFTL,0.001063675,0
IVTTNTNAGKST,ASSFLTGGNRDYGYT,GILGFVFTL,0.00663513,0
ATVLRMDSSYKLI,ASSQIGEGHGDEQF,GILGFVFTL,4.62E-07,0
GTGQRGSNSGYALN,ASSAPGQGEYEQY,GILGFVFTL,2.64E-08,0
AEDRDARLM,SSRSRVGNTIY,GILGFVFTL,0.99999917,1
AGGGSNYKLT,ASSQGKTQY,GILGFVFTL,0.47593287,0
ALSGDGQKLL,ASSEWGTGSSREQY,GILGFVFTL,3.49E-06,0
ALHMEYGNKLV,ASSYTRQGSSLSFSGNTIY,GILGFVFTL,0.001153559,0
GAPDSGTYKYI,ASNLPRQDGTYEQY,GILGFVFTL,2.14E-06,0
AGSNQAGTALI,ASSVDGLAGTRETQY,GILGFVFTL,0.0008021,0
AGVYGGSQGNLI,ASSIRSSYEQY,GILGFVFTL,1,1
GTATGNQFY,ASSSTGSSYEQY,GILGFVFTL,4.97E-05,0
AVGAGEYGNKLV,ASSPLDSYEQY,GILGFVFTL,4.04E-07,0
AAKDSNYQLI,SVDQGGGTEAF,GILGFVFTL,7.61E-07,0
AGAQKETSGSRLT,ASSQEWTSRDTQY,GILGFVFTL,0.001161784,0
AVVYNNNDMR,ASSYKTGVYEAF,GILGFVFTL,0.008822769,0
AAPNRDDKII,ASASGQYNSPLH,GILGFVFTL,4.78E-06,0
LVDPFSGGYNKLI,ASSRLRVEGVGELF,GILGFVFTL,3.03E-07,0
AVGTDNARLM,ASSPLSLNTEAF,GILGFVFTL,2.72E-05,0
AGARSYQLT,ASSPLSLNTEAF,GILGFVFTL,3.93E-06,0
VVNPPEYYNTDKLI,SASRPGGNQPQH,GILGFVFTL,0.000158608,0
ASLGAGTALI,ASNSGTGGMPLH,GILGFVFTL,4.17E-05,1
AAIPNTDKLI,ASSQDFLAGGDTYEQY,GILGFVFTL,2.25E-07,0
AVIFTSGTYKYI,ASSPSGVEQY,GILGFVFTL,0.000472128,1
AVRDSNYQLI,SAREDSSRESSPLH,GILGFVFTL,0.000849843,0
VVSDFNKFY,SAYLNYEQY,GILGFVFTL,1.52E-06,0
VVNPGGFKTI,ASRPYGTDFTDTQY,GILGFVFTL,7.32E-06,0
VCMKTSYDKVI,ASSLPRGYEQY,GILGFVFTL,7.50E-07,0
AVQASSGATNKLI,SARGVDKNIQY,GILGFVFTL,5.23E-06,0
AATGGSQGNLI,SAYPPGDGTQY,GILGFVFTL,0.06852636,0
AARDSNYQLI,SASFAISSGGADTQY,GILGFVFTL,1.03E-06,0
AVIINNAGNMLT,ASSPRGQEFLAGAPEQF,GILGFVFTL,4.25E-06,0
VVSARARLM,ASSLEGVLEDEQY,GILGFVFTL,4.38E-06,0
AVALSGGYQKVT,ASSLEGGYTDTQY,GILGFVFTL,4.93E-06,0
AVNMEYGNKLV,SAPSLASGEQY,GILGFVFTL,1.10E-05,0
AVQAGNNDMR,ASSQDFVGYEQY,GILGFVFTL,1.80E-06,0
AGSEKLT,ASSQGGGASGCT,GILGFVFTL,0.000176966,0
AASMISGGYNKLI,ASSQISTGGSPYEQY,GILGFVFTL,0.000999957,0
AYRSPGAGSYQLT,ASSLVTGSGYT,GILGFVFTL,1.04E-06,0
VVSGPQNAGNNRKLI,ASSEWKGVYTEAF,GILGFVFTL,0.000323027,0
VVNTQAGTALI,ASSQDRELF,GILGFVFTL,4.60E-07,0
AASKGLRNNDMR,ASSELPYGYT,GILGFVFTL,3.97E-08,0
AVKGQGGSEKLV,ASSYLKDYGYT,GILGFVFTL,0.00021553,0
AGDMETSYDKVI,ACQGLTGELF,GILGFVFTL,0.999598,0
LVGDIVDSSYKLI,ASSQDKSYEQY,GILGFVFTL,5.72E-06,0
AVSEGSQGNLI,ASSFAGSNQPQH,GILGFVFTL,1.59E-07,0
AVSARARLM,ASSQEAGANYEQY,GILGFVFTL,0.305424,0
ALQNSGGYQKVT,ASNGKGAYEQY,GILGFVFTL,0.24257547,0
ALNTGGFKTI,ASSPPFLAGSGSSYEQY,GILGFVFTL,0.001167923,0
AGAFGGSQGNLI,ASSIRSGYEQY,GILGFVFTL,1,1
AGSQTGANNLF,ASSQFSGSYNEQF,GILGFVFTL,2.52E-05,0
AASRDYKLS,ATPAGSTDTQY,GILGFVFTL,0.46157745,0
GAVAPWGGATNKLI,SARWNTEAF,GILGFVFTL,0.000111627,0
ALRHSGYALN,ASSIRDRTEAF,GILGFVFTL,0.001284808,0
GTAPQGGSEKLV,ATQTSGANNEQF,GILGFVFTL,6.90E-08,0
ATGANQAGTALI,ASSSLRGVGGWTEAF,GILGFVFTL,1.59E-07,0
ALSEAGDSSYKLI,ASSEWQNTGELF,GILGFVFTL,0.001072437,0
ARNTGNQFY,ASSKQSGTGYYGYT,GILGFVFTL,0.97775435,1
AGGNGGSQGNLI,ASSIRSTGELF,GILGFVFTL,1,1
AYWTDKLI,ASSLGTGYYEQY,GILGFVFTL,0.62498003,0
ATDAGNQFY,ASSTGPWGEQF,GILGFVFTL,0.00013876,0
AAYSNYQLI,ASVSGTGHEQY,GILGFVFTL,1.24E-06,0
AGALGGGSQGNLI,ASSVRASYEQY,GILGFVFTL,1,1
AVRRWGGGADGLT,ASSQVVGSGGYTYEQY,GILGFVFTL,1.98E-07,0
ACSNQAGTALI,ASSLSPPTQY,GILGFVFTL,0.90409154,0
LVGGKLI,ASRAWAGGENEQF,GILGFVFTL,1.96E-06,0
AVDNYGQNFV,ASPGQGDTGELF,GILGFVFTL,0.081065,0
VVNPPGGGSQGNLI,ASSSSPWAGLYGYT,GILGFVFTL,0.5495825,0
AANFYSGGGADGLT,SANWLNVGTGQETQY,GILGFVFTL,2.07E-05,0
AMGGNEKLT,ASSRGDYLHQETQY,GILGFVFTL,4.37E-06,0
AASANDGQGNLI,ASSYSMDLTSNQPQH,GILGFVFTL,0.9998561,1
APSPSYNTDKLI,SASDHQGVSYNEQF,GILGFVFTL,6.03E-08,0
AGDNFNKFY,ASSIRSTGELF,GILGFVFTL,0.99983007,1
AVRDTGTASKLT,ASSERAGTTDTQY,GILGFVFTL,0.006078363,0
VVNQRGKLI,ASSLDSYEQY,GILGFVFTL,4.01E-07,0
AVRDISARLM,ASSSVNEQY,GILGFVFTL,0.9915241,1
AAFRNSGNTPLV,ASSPAENSPLH,GILGFVFTL,2.56E-07,0
AVLWDKII,AWTVFTGELF,GILGFVFTL,8.12E-07,0
GTERYAGGTSYGKLT,ASSFNTGELF,GILGFVFTL,4.39E-07,0
LVGDSQII,ASSLDPAREAF,GILGFVFTL,0.962842,0
AYHNFGNEKLT,ASSPRTSGKNEQF,GILGFVFTL,0.001313567,0
AVPLGGSNYKLT,ASSRGVVNNEQF,GILGFVFTL,0.000563473,0
LVGGPITGGYNKLI,ASSFGQGAIEQF,GILGFVFTL,8.47E-05,0
ALSDIGPSGAGSYQLT,SAREVPSRVAYEQY,GILGFVFTL,0.000142425,0
GTEGAGNNRKLI,ASSRYRGDTEAF,GILGFVFTL,4.35E-06,0
ARNAGNMLT,SARRGTAPAEQY,GILGFVFTL,1.90E-05,0
AFEAGNQFY,ASRLLAGGQSTQY,GILGFVFTL,4.89E-08,1
AFIRDAGNMLT,ASSQEDGSLYEQY,GILGFVFTL,0.000135034,0
AFMKPDARLM,ATSDSGTGTDYEQY,GILGFVFTL,5.03E-09,0
AFPYNNNDMR,ASSLEGFTEAF,GILGFVFTL,0.9999316,1
AVRADTGRRALT,ASSSSIQETQY,GILGFVFTL,1.71E-05,0
ATPGGATNKLI,ASSLTQPREQF,GILGFVFTL,3.07E-08,0
AGADSGAGSYQLT,ASSPPGGGYGYT,GILGFVFTL,0.000280112,0
AASTHAGGTSYGKLT,ASSLASPSGTLTDTQY,GILGFVFTL,3.13E-06,0
APYRAGKST,ASSPAGVDEQY,GILGFVFTL,1.42E-06,0
AGALVGDFGNEKLT,ASSRVKHLIAEAF,GILGFVFTL,3.09E-06,0
VVSARARLM,ASSFGQGAIEQF,GILGFVFTL,0.000557095,0
AASRKHNNDMR,ASSQDLTSGALEDTQY,GILGFVFTL,0.001043707,0
VPFDRGSTLGRLY,ASSLPRTGTNYGYT,GILGFVFTL,8.53E-06,0
AVRAPMDSSYKLI,ASSLGVGQGYNEQF,GILGFVFTL,0.00015679,0
AYSWETSGSRLT,ASRAWEGYT,GILGFVFTL,1.06E-05,0
AASATDNDMR,ASSLRTYTEAF,GILGFVFTL,0.51613235,0
LVGPPNAGNMLT,ASSVPGLNTDTQY,GILGFVFTL,5.02E-08,0
ALRGGLGADGLT,SARGGTYEQY,GILGFVFTL,1.34E-05,0
AASRHSNTGKLI,ASRSGTGINYGYT,GILGFVFTL,1.84E-07,0
AVEDFEAAGNKLT,ASSGSGEQF,GILGFVFTL,1.78E-06,0
AYRSADSSYKLI,ASSLRDRVAYGYT,GILGFVFTL,6.47E-05,0
ALRQAGTALI,ASSAGVAGSGETQY,GILGFVFTL,0.000375658,0
AVREGVGDGQKLL,ASSIHGGEQF,GILGFVFTL,0.99875915,1
AGDRGGGFKTI,ASKEVAGEYNEQF,GILGFVFTL,1.20E-05,0
AVSGEIQGAQKLV,ASTIRARKTGELF,GILGFVFTL,2.31E-05,0
AAVDSNYQLI,ASSYSGGGETQY,GILGFVFTL,1.34E-08,0
AASKGGFGNVLH,ASSRTSQGIIAEAF,GILGFVFTL,3.27E-06,0
AASPGFQKLV,ASNPGVDQPQH,GILGFVFTL,0.00080654,0
AFRGQGTGGTSYGKLT,ASSPTNQPQH,GILGFVFTL,5.86E-05,0
AYPDQTGANNLF,ASSAKIAGGPVTGELF,GILGFVFTL,0.12107107,0
ASGSNYKLT,SARDPAGDYEQY,GILGFVFTL,4.88E-06,0
AVQGRGSTLGRLY,AWSVLGGGTEAF,GILGFVFTL,1.17E-06,0
LVGVPYNTNAGKST,ASSYLSGGLQETQY,GILGFVFTL,0.000236392,0
AGIIGFGNVLH,ASSQGGQGRRIPYEQY,GILGFVFTL,9.65E-08,0
AMNAGNMLT,SVEAEGLWN,GILGFVFTL,8.24E-06,0
AYRADDKII,ASSLKGTGFYEQY,GILGFVFTL,0.000508517,0
VVRLLTGGGNKLT,ASIPMGGGRGYT,GILGFVFTL,2.06E-07,0
AVLMDSNYQLI,ASSRGNSNQPQH,GILGFVFTL,0.000474721,0
AVRFNARLM,SVVERNEQF,GILGFVFTL,1.60E-05,0
AASRDYKLS,ASSDDRASGNTIY,GILGFVFTL,1.02E-05,0
VVIPYSSASKII,ASSFHRDSQVLGTEAF,GILGFVFTL,0.000715733,0
AMREGYSNYQLI,ASSQDLAGLTGELF,GILGFVFTL,0.000174642,0
ASRDNFNKFY,ASSLDRGRAGELF,GILGFVFTL,5.17E-08,0
AYRGGSNYQLI,SARGGTSGGTDTQY,GILGFVFTL,1.76E-05,0
AYRSAGRDDKII,ASSRFRGPPGNEQF,GILGFVFTL,7.96E-07,0
AMREGTGNFNKFY,ASSQEWRGGQETQY,GILGFVFTL,9.76E-08,0
ILKTSYDKVI,ATSGPSGADYNEQF,GILGFVFTL,2.65E-05,0
ALFTRNSGGSNYKLT,ASSSLYEQY,GILGFVFTL,0.102329284,0
AATYGNNRLA,ASSAGLDEQY,GILGFVFTL,0.101160586,0
AGNDYKLS,ASSVEGASTDTQY,GILGFVFTL,0.000299394,0
ASLDQTGANNLF,ASSFFVVTSGRAVYGANVLT,GILGFVFTL,0.000112288,0
AGQGSARQLT,ASKYNRGLRTGELF,GILGFVFTL,2.28E-07,0
AASIRNTGGFKTI,SARWNTEAF,GILGFVFTL,0.002613187,0
AVNLENAGNMLT,SVEGLAGGTSSYEQY,GILGFVFTL,1.46E-05,0
AAFTGNQFY,SARDHGGGYEQY,GILGFVFTL,0.000327021,0
ASEMNYGGSQGNLI,ASSSQGPYGYT,GILGFVFTL,0.000770062,0
AGSNAGGTSYGKLT,ASSLTSVYEQF,GILGFVFTL,3.62E-05,0
AVTLGAAGNKLT,ASRPGLAVWNEQF,GILGFVFTL,0.000423908,0
AVNGYGGSQGNLI,ASSYSRQGENIQY,GILGFVFTL,1.76E-06,0
AVPGTDKLI,ATEDRVGIQY,GILGFVFTL,2.86E-07,0
AFTSGTYKYI,ASSQSPAEGLAEAF,GILGFVFTL,7.45E-06,0
LVGDPGANNLF,SARDRLPGQHSNQPQH,GILGFVFTL,3.50E-08,0
ATDAGNQFY,ASSPTGPWGEQY,GILGFVFTL,4.21E-07,0
AVHNLF,ASTLGTGRSNEQF,GILGFVFTL,2.04E-07,0
AMREGKDSSYKLI,ASSLHDREGVRSPLH,GILGFVFTL,0.003261209,0
AAINAGNMLT,ASSSPGTGFGYT,GILGFVFTL,1.71E-08,0
ALRAGQDSSYKLI,ASSLLVGPGTGKYNEQF,GILGFVFTL,1.39E-05,0
AASARAGNTDKLI,ASSLDRESNEKLF,GILGFVFTL,4.36E-07,0
AGADGGGSQGNLI,ASSIRSTYEQY,GILGFVFTL,1,1
AADKLI,ASRPWASELGYT,GILGFVFTL,1.19E-06,0
ILRDYNNAGNMLT,ASSRDGASTDTQY,GILGFVFTL,1.26E-07,0
AFMMGFGNEKLT,ASSLGSPYNSPLH,GILGFVFTL,5.98E-06,0
AGVMDSNYQLI,ASSSFSGGHTDTQY,GILGFVFTL,2.09E-07,0
ALSESYFGNEKLT,ASSDKTYSGSSYEQY,GILGFVFTL,0.00694108,0
ALSARNAGNMLT,ASSLGVGLWNEQF,GILGFVFTL,0.001013219,0
LVGDPGGYQKVT,ASSLPLGGSSLSSYNEQF,GILGFVFTL,6.30E-07,0
AVPMFSGGYNKLI,ASRLEDRGDVETQY,GILGFVFTL,1.77E-05,0
IVRAVPYNTDKLI,ASSYMGGEKLF,GILGFVFTL,2.76E-07,0
AVVRTDKLI,SAFGTNSYEQY,GILGFVFTL,0.001090169,0
AVRDSPGTYKYI,ASSSQGDSTDTQY,GILGFVFTL,3.68E-07,0
ALEGGNNNDMR,ASSYTGVGTEAF,GILGFVFTL,4.24E-07,0
AVNMQRAAGNKLT,ASSSASPWTGYPYEQY,GILGFVFTL,8.13E-06,0
AYHNNDMR,ASSSAGTGNYEQY,GILGFVFTL,5.39E-05,0
AVSDPLV,SASGAEDEQF,GILGFVFTL,0.00053975,0
LVGDMQRWGNTPLV,ASSFLTGGSYEQY,GILGFVFTL,5.58E-08,0
AVPRDNYGQNFV,ASQGSGDPLDQETQY,GILGFVFTL,6.69E-07,0
AYIAHNNDMR,ASSLNGGMEGYT,GILGFVFTL,0.020727754,0
AGQGGSTLGRLY,ASSIEAHQPQH,GILGFVFTL,1.10E-05,0
VVDGGATNKLI,ASSFTQGAYEQY,GILGFVFTL,0.000232458,0
AESRAHNTDKLI,SAIKSDSMRAEAF,GILGFVFTL,7.34E-05,0
LLRPNNNDMR,SAREDSYSNQPQH,GILGFVFTL,3.76E-05,0
ALGLGTYKYI,ASSPGTASGDEQF,GILGFVFTL,1.86E-05,0
AVRDQRGKLI,ASSSTGTDYEQY,GILGFVFTL,2.18E-05,0
AAFGGGFGNVLH,ASSPLSLNTEAF,GILGFVFTL,0.004597127,0
AENYGGSQGNLI,ASSLDPAREAF,GILGFVFTL,0.7575289,0
GRNGGSQGNLI,ASSPEGLFAYYGYT,GILGFVFTL,0.98769224,0
AYRSMYSGGGADGLT,ASSTRTGFNEQF,GILGFVFTL,0.040332437,0
AFLLNDMR,ASSPPPLSYEQY,GILGFVFTL,1.91E-05,0
AGRMDSNYQLI,ASSFGGGPPYEQY,GILGFVFTL,3.98E-07,0
VVRSNYGGSQGNLI,SARGLAGGTDTQY,GILGFVFTL,6.00E-07,0
ILRNGGAQKLV,ASSLGGGGQGRGYT,GILGFVFTL,1.12E-08,0
AASEGGADGLT,ASRPRLDGLYQETQY,GILGFVFTL,1.79E-05,0
AVRDSNYQLI,ASSYESSYNEQF,GILGFVFTL,0.000107656,0
VVWTGAGSYQLT,ASSQRVGLAGGNTGELF,GILGFVFTL,0.000219911,0
ARNTGNQFY,ASSPQTGAPYGYT,GILGFVFTL,0.99965894,1
GTLIKAAGNKLT,SVSGEQF,GILGFVFTL,4.19E-06,0
AASTVDSWGKLQ,ASSQDSSGRASYEQY,GILGFVFTL,0.00209111,0
VVNGNQFY,ASSEGWASYSAF,GILGFVFTL,6.19E-07,0
AVRDSNYQLI,ASSYGASTDTQY,GILGFVFTL,2.89E-05,0
AVISMDSSYKLI,ATRTGGAQY,GILGFVFTL,2.15E-07,0
LVGHNNAGNMLT,ATSEDSNQPQH,GILGFVFTL,1.47E-06,0
AAGDDKII,ASSPTGLGNTEAF,GILGFVFTL,2.54E-05,0
AASNSGGYQKVT,ASSPGTMNEQF,GILGFVFTL,0.000126809,0
AVNLPRVKAAGNKLT,ASSMGLAGDYNEQF,GILGFVFTL,6.01E-06,0
AFPEYGNKLV,ASTYRGTNTEAF,GILGFVFTL,1.44E-05,0
AAGFSDGQKLL,SVELPGNEQF,GILGFVFTL,1.88E-06,0
AAILPYSGAGSYQLT,ASSFGTSGFNEQF,GILGFVFTL,2.31E-05,0
AVVTGTASKLT,ASTVDVDRTEAF,GILGFVFTL,3.47E-05,0
AVLDSNYQLI,SARTGKENTEAF,GILGFVFTL,9.17E-06,0
AASADEKLT,ASSSMHTQY,GILGFVFTL,0.0795061,0
GGAGNMLT,ASSSRDGGTQETQY,GILGFVFTL,5.04E-07,0
AMILNFGNEKLT,ASSQDRRTNTEAF,GILGFVFTL,0.09973323,0
AVDSGANSKLT,ASIPYQETQY,GILGFVFTL,6.99E-06,0
AVEDHGGTDSWGKLQ,ASSDNDGVSYGYT,GILGFVFTL,1.96E-07,0
AVSNPSGNTPLV,ASSQDGGVLSDEQY,GILGFVFTL,8.13E-07,0
AYSWETSGSRLT,ASSWFRTAKETQY,GILGFVFTL,0.000751406,0
AASRHSNTGKLI,ASSARPAGAPYEQY,GILGFVFTL,1.05E-05,0
AGLTGNQFY,ASSFEGQPQH,GILGFVFTL,0.000174701,0
AVRGPDGQKLL,SVEDISETNTGELF,GILGFVFTL,2.31E-06,0
APDPGGTSYGKLT,ASTYFPGRNEQF,GILGFVFTL,4.79E-08,0
AAPRDSNYQLI,ASSDGPSASTDTQY,GILGFVFTL,1.34E-06,0
ASPGQGGSEKLV,ASSLGMNTEAF,GILGFVFTL,0.000288516,0
AASATSYDYKLS,SATPGTDKDSNQPQH,GILGFVFTL,7.49E-08,0
AGADGGGSQGNLI,ASGLGDSEKLF,GILGFVFTL,0.96324015,1
LVGPSGAGSYQLT,ASRWTGNDYEQY,GILGFVFTL,0.000343025,0
AMRGNQGGKLI,ASSSPGLSVRPSTDTQY,GILGFVFTL,1.97E-06,0
AVPRYNFNKFY,ATSGTLGTEAF,GILGFVFTL,6.33E-07,0
AASEVTGGGNKLT,SATTGTRSEKLF,GILGFVFTL,5.79E-07,0
AFMKPLEYGNKLV,ASTRRGGELDGYT,GILGFVFTL,0.005431384,0
ILRDQFYTGTASKLT,ASSYSGYEQY,GILGFVFTL,1.07E-05,0
AFMAHQTGANNLF,ASSVDQDEAF,GILGFVFTL,0.000120543,0
AVRPNPWGGADGLT,ASSLEGVLEDEQY,GILGFVFTL,1.69E-07,0
ALSDLSVYNFNKFY,ASSLGTGGFSGTEAF,GILGFVFTL,0.000756025,0
VVNGVDKLI,ASSQDQTANPWEAF,GILGFVFTL,0.5204169,0
VVSVFGNEKLT,ASSEGSLGYQPQH,GILGFVFTL,3.90E-07,0
AYSWETSGSRLT,ASSSLNASPEAF,GILGFVFTL,0.002880931,0
GTVANTGFQKLV,ASSLGSSPLH,GILGFVFTL,4.47E-07,0
AHYTSGTYKYI,SASETDYEQY,GILGFVFTL,4.03E-05,0
IVRVAETLLINTGKLI,SARDRGQINEQF,GILGFVFTL,0.004345,0
VVYNDMR,ASSDFGSTDTQY,GILGFVFTL,9.14E-06,0
ASVLTQGGSEKLV,ASSLADWTEHSYNEQF,GILGFVFTL,5.71E-06,0
VVNKGGSYIPT,ASGTGGRNTIY,GILGFVFTL,6.24E-08,0
AVPNSNSGYALN,ASSEGGQNIQY,GILGFVFTL,1.12E-08,0
AVAYSNTGNQFY,AISGGYGYT,GILGFVFTL,0.00020963,0
AVDQGAQKLV,ASSPTGDPRWLF,GILGFVFTL,8.27E-08,0
AVATLKSNYQLI,ASSLAGTGVGSTEAF,GILGFVFTL,0.022715509,0
AAGNTDKLI,ASGLGYGWGYT,GILGFVFTL,1.72E-06,0
ALSERETSGSRLT,ASSYSQANEAF,GILGFVFTL,3.94E-05,0
AVWRNGQNFV,ASSLGDGGGNEQF,GILGFVFTL,0.00012097,0
AGLPGGSNYKLT,ASSPGQGIYNEQF,GILGFVFTL,2.56E-06,0
VEDSGYALN,ASSSLTGEGDEQY,GILGFVFTL,6.84E-07,0
AVMDSNYQLI,SARDLTSGYNEQF,GILGFVFTL,0.3353691,0
AVHLGDDKII,ASSPRRQGLTYEQY,GILGFVFTL,6.42E-08,0
VGNKREYGNKLV,ASSSGGRQNEKLF,GILGFVFTL,4.32E-05,0
AVNIGGGSQGNLI,ASSIRSADTQY,GILGFVFTL,1,1
GAGINAGNNRKLI,ASREGGYQETQY,GILGFVFTL,1.81E-05,0
GADGNNNDMR,ASSPQGARNQPQH,GILGFVFTL,6.71E-05,0
ALSEASSGNKLV,ASSRVWNLAGGRDTQY,GILGFVFTL,1.86E-06,0
AAAETSYDKVI,ASSSTGAGNQPQH,GILGFVFTL,0.002082437,0
AVRAPMDSSYKLI,ASSSHDWGGQGSPLH,GILGFVFTL,1.45E-06,0
AGVTSGTYKYI,ASSLVQGGGNEQF,GILGFVFTL,4.05E-06,0
AVRDGNFNKFY,ASRGQGSGANVLT,GILGFVFTL,5.82E-07,0
AFIAFYNQGGKLI,ASSGTPYNSPLH,GILGFVFTL,0.000450879,0
AASDQAGTALI,ASQFRGNQPQH,GILGFVFTL,0.000570148,0
AAPWFSDGQKLL,ASSTRSGNEQY,GILGFVFTL,0.9997814,1
AYRGTGNQFY,ASSPYRTDTQY,GILGFVFTL,0.001711726,0
AGASTGTASKLT,ASSFRDRVIYEQY,GILGFVFTL,6.86E-06,0
AVRDDTGGGNKLT,ASSLVASGGGQETQY,GILGFVFTL,5.79E-05,0
AVGMDSSYKLI,AWSWDRNEQF,GILGFVFTL,0.000591695,0
LVGVPSLYNQGGKLI,ASGTGTGIYEQY,GILGFVFTL,4.73E-07,0
VVYGAAGNKLT,SAGTGSYEQY,GILGFVFTL,2.58E-05,0
AVSTYGGSQGNLI,ASSSTASSYEQY,GILGFVFTL,0.000572801,0
AGALGGGSQGNLI,ASSTRASYEQY,GILGFVFTL,1,1
AVRETFNNDMR,ASSLKRTGTSGSQVYNEQF,GILGFVFTL,0.010849297,0
VVNMYSGGGADGLT,ASSEGSGPQH,GILGFVFTL,3.40E-07,0
AASQWYGGGSYIPT,ASSLDPGEETQY,GILGFVFTL,3.59E-07,0
AVKNAAGGYQKVT,ASSPLSLNTEAF,GILGFVFTL,0.030078739,0
AGPLGNQFY,ASSPTQTAANYGYT,GILGFVFTL,7.23E-07,0
AVEDYGQNFV,ASSFRANTEAF,GILGFVFTL,0.4797873,0
AATGGGSQGNLI,ASSIRSSTEAF,GILGFVFTL,1,1
AAHSSDRGSTLGRLY,ASSEVGNQPQH,GILGFVFTL,6.32E-06,0
AVKEGGSYIPT,ASTGQGSETQY,GILGFVFTL,0.000415981,0
AGVMDSNYQLI,ASSYSRPGSNTEAF,GILGFVFTL,7.78E-06,0
AVNTNAGKST,ASSRVGGLAYGNTEAF,GILGFVFTL,0.28723046,0
VVKTRSNDYKLS,TPPGGSNDYGYT,GILGFVFTL,6.24E-05,0
AVNARNAGNMLT,ASSLVVEDTEAF,GILGFVFTL,1.46E-08,0
AVRGGKST,ASSHQTGGQETQY,GILGFVFTL,1.19E-06,0
AEISGNTPLV,ASDKTGTSYEQY,GILGFVFTL,0.547089,0
AATSGGGADGLT,ASSLSGGYEQY,GILGFVFTL,9.98E-07,0
AYRSAVDSSYKLI,ASSLYTAPNTEAF,GILGFVFTL,1.24E-07,0
ALIDNSGNTPLV,SASRGPNEQF,GILGFVFTL,6.58E-07,0
VVPSWGKLQ,ASSQIQNIQY,GILGFVFTL,0.00012973,0
AVRPPFSGGYNKLI,ASSYSAGSRYNEQF,GILGFVFTL,1.23E-05,0
AAVRQTGANNLF,ASSSPLWGEPGEQF,GILGFVFTL,0.000962675,0
AYSWETSGSRLT,ASSSGFESTDTQY,GILGFVFTL,8.96E-05,0
AFRARVDYGGSQGNLI,SARDLLQRGGPYNEQF,GILGFVFTL,9.13E-05,0
AVHLGAAGNKLT,ASSDFGSGSPLH,GILGFVFTL,4.96E-05,0
APNQYSGAGSYQLT,ASTPLAGGYNEQF,GILGFVFTL,0.008135229,0
VVPSTDSWGKLQ,SARDYAEGLPYEQY,GILGFVFTL,0.002239376,0
AESIKAAGNKLT,ASSDRDTDTQY,GILGFVFTL,2.10E-05,0
ILTLPRSNYKLT,ASSLGGWVAQY,GILGFVFTL,0.000202596,0
AVSINQAGTALI,ASSYEEETQY,GILGFVFTL,0.002443194,0
AMSSEGGGYQKVT,ASSPGAGHDYNSPLH,GILGFVFTL,0.006173313,0
ATVYNAGGTSYGKLT,ASSTYRGLIYGYT,GILGFVFTL,1.32E-05,0
AASPTEEGNKLV,ASSGVGAEAF,GILGFVFTL,0.000311375,0
AGTDGSSNTGKLI,ASSIRSAYEQY,GILGFVFTL,1,1
AFMNPFDSNYQLI,ASSLEAGGVDNEQF,GILGFVFTL,1.96E-06,0
AVIPVTSGTYKYI,ASSQDRGQRITDTQY,GILGFVFTL,7.64E-05,0
AGGAPNSGYALN,ASSVSGTSYGYT,GILGFVFTL,0.14326906,0
AEKVRGLV,ASSLGTGGFSGTEAF,GILGFVFTL,2.42E-06,0
VVRGPNTNAGKST,ASSQGGSDYNEHF,GILGFVFTL,2.32E-06,0
AASAQADKLI,ASSLAGGYLTGELF,GILGFVFTL,4.18E-07,0
VVSARARLM,ASSQVFGTPTPQH,GILGFVFTL,0.85848355,0
AAREEGRRALT,ASSHGVNTEAF,GILGFVFTL,3.69E-07,0
AVRHNTDKLI,ASSVAGGFPLF,GILGFVFTL,2.35E-05,0
VVTATGTASKLT,ASSLSSNQPQH,GILGFVFTL,0.000217736,0
VVNREPNDYKLS,ASSPGILGNTIY,GILGFVFTL,0.9877735,0
AVEVEAAGNKLT,SVGGQGNYEQY,GILGFVFTL,1.28E-05,0
LVGSNSGNTPLV,ASSPGDISYEQY,GILGFVFTL,6.38E-08,0
AGDSGNNRLA,ASSAGVAGSGETQY,GILGFVFTL,9.46E-07,0
AYSGGGADGLT,SARDQGLAGGPYNEQF,GILGFVFTL,1.40E-05,0
ALHMEYGNKLV,AIQYEQY,GILGFVFTL,1.08E-05,0
VVNSETSYDKVI,APGSVQRNYGYT,GILGFVFTL,1.98E-08,0
AVLDYKLS,SARDVGGSTDTQY,GILGFVFTL,0.000158787,0
VVSGSNTGKLI,ASSQVVTGSSGGYT,GILGFVFTL,0.000877142,0
AGYNQGGKLI,ASSYSKMYQPQH,GILGFVFTL,0.3578928,0
AYRNPYNQGGKLI,ASRSWGETEAF,GILGFVFTL,9.24E-07,0
AVNAGKST,ASSEPQAGTYEQY,GILGFVFTL,1.30E-06,0
GTEVAGGGADGLT,ATADRYSNQPQH,GILGFVFTL,0.000675976,0
AYRSFSGTYKYI,SAPGTSVYNEQF,GILGFVFTL,1.88E-07,0
APMDSNYQLI,ASSYGSGANVLT,GILGFVFTL,6.40E-08,0
AVSLSGNTPLV,ASMEQGMTEAF,GILGFVFTL,2.21E-05,0
AVRSTDKLI,ASSQALGSHQPQH,GILGFVFTL,3.90E-07,0
AVRPSYGQNFV,ASSISGGAAYEQY,GILGFVFTL,6.15E-07,0
ATDGSENDMR,ASSPWGIGNEQF,GILGFVFTL,0.9846437,0
AVTPGTYKYI,ASSFEAGAQETQY,GILGFVFTL,3.33E-06,0
AELMNRDDKII,ASSQGTGYGYT,GILGFVFTL,0.000773668,0
VVSAGSGTYKYI,SARGRNTGELF,GILGFVFTL,6.54E-06,0
AYYGNNRLA,ASSLGDHATSRDYNEQF,GILGFVFTL,0.000224739,0
AASSGGSYIPT,ASTPGQWNSPLH,GILGFVFTL,1.21E-05,0
AGAMGGGSQGNLI,ASSFRSSYEQY,GILGFVFTL,1,1
AVGAYGGSQGNLI,ASIGAPGVETQY,GILGFVFTL,1.59E-05,0
AVNARLM,ASSSGGNTEAF,GILGFVFTL,0.00036478,0
AFMSGENSNSGYALN,ASSQAPIPAGELF,GILGFVFTL,0.001361966,0
AVDGGGSQGNLI,ASSLLTGGEQY,GILGFVFTL,0.18845391,0
AYSWETSGSRLT,ASSLELAPRYEQY,GILGFVFTL,1.24E-05,0
ALSVPRGAAGNKLT,ASGPYARETQY,GILGFVFTL,0.000154912,0
AGPLGNQFY,ASSLEGVLEDEQY,GILGFVFTL,4.54E-07,0
ARNTGNQFY,ASSYQTGAAYGYT,GILGFVFTL,0.8896344,1
ARDGSGNTPLV,ASSAEGGYEQY,GILGFVFTL,5.64E-05,0
AGDYANAGGTSYGKLT,ASSWFRTAKETQY,GILGFVFTL,4.91E-05,0
AGPGEYGNKLV,ASSLSGTGGFEQY,GILGFVFTL,8.69E-06,0
AGDGGSARQLT,ASSLDSGGYEQY,GILGFVFTL,1.26E-07,0
AMSPSNFGNEKLT,ASSQDGPAEF,GILGFVFTL,4.22E-05,0
AASGNQFY,ASSLGSGYTQY,GILGFVFTL,1.35E-07,0
ALTDSWGKLQ,SAHWNTEAF,GILGFVFTL,1.17E-05,0
ATDDSDGQKLL,ASSSHQDGTSNEKLF,GILGFVFTL,2.76E-05,0
AVRILTGGGNKLT,ASSLGRGDSPLH,GILGFVFTL,3.41E-07,0
ALSVSGNTPLV,SASTLADTYPYNEQF,GILGFVFTL,3.34E-07,0
ATDEVGQGGSEKLV,ASSRRTLGASTDTQY,GILGFVFTL,1.58E-05,0
AVRDPENRDDKII,SARDPVYSGESSYEQY,GILGFVFTL,6.19E-07,0
AVRPIGLTGANNLF,ASSSGMSSGNTIY,GILGFVFTL,7.38E-05,0
AETPNQAGTALI,SASQGLGYNEQF,GILGFVFTL,0.119184166,0
QYTDKLI,ASSSDRVGEKLF,GILGFVFTL,0.6499666,0
AVLYGNNRLA,ASSVDWSTEAF,GILGFVFTL,5.27E-07,0
AVVSGSGGYNKLI,SVRVDTEAF,GILGFVFTL,1.64E-05,0
AENRNAGNMLT,ASSIGGTGGTEAF,GILGFVFTL,5.40E-05,1
AAGAGSYQLT,SASEGGETQY,GILGFVFTL,5.84E-08,1
LVGDNPSGTYKYI,ASTGQGSETQY,GILGFVFTL,9.94E-05,0
AVSLLRDSSYKLI,ASSGGGAWNTGELF,GILGFVFTL,1.20E-05,0
AVSNQFY,SAQETSFYEQY,GILGFVFTL,2.50E-07,0
APLAGGSYIPT,SARDFRGLAGESSYEQY,GILGFVFTL,3.52E-06,0
AVITMDSNYQLI,ASSVGGNTEAF,GILGFVFTL,3.61E-06,0
AVDTGGFKTI,ASSRNINEQF,GILGFVFTL,0.004220486,0
AFIGWKNTGNQFY,ASSSSGGLLDEQF,GILGFVFTL,5.72E-06,0
AVLMDSNYQLI,ASSADGMNTEAF,GILGFVFTL,1.86E-06,0
VFYGTSYDKVI,ASSLTAYNEQF,GILGFVFTL,7.75E-05,0
AVNIGGGSQGNLI,ASSGRSGNEQY,GILGFVFTL,1,1
AGESGSEKLV,ASSQDGRAYEKLF,GILGFVFTL,0.49163145,0
AVRGGTNAGKST,ASSLGVGQGYNEQF,GILGFVFTL,3.82E-07,0
AVGSNFGNEKLT,ASSLELGAQQY,GILGFVFTL,6.61E-06,0
ACMDSNYQLI,ASSDGSNTEAF,GILGFVFTL,0.000347793,0
AGARSYQLT,ASSLHSAGKSTDTQY,GILGFVFTL,6.79E-07,0
AYSWETSGSRLT,ASSFRANTEAF,GILGFVFTL,0.38742352,0
AMRPNYGGSQGNLI,ASSPWGGQPGNTEAF,GILGFVFTL,0.000160664,0
ARFGNEKLT,SARDILNTEAF,GILGFVFTL,0.628677,0
AYRSIHSGNTPLV,ASSYEVDGGELNTGELF,GILGFVFTL,0.000218362,0
AVRGAETSGSRLT,ASSVGWELMNTEAF,GILGFVFTL,0.00026232,0
ALSDRMDSSYKLI,ASSLGVPGQGRNTEAF,GILGFVFTL,5.83E-06,0
AAIIQGAQKLV,ASSQDYRGIGELF,GILGFVFTL,9.51E-07,0
VVTSYNNNDMR,ASSQDTGGPQPQH,GILGFVFTL,6.05E-07,0
LVGRSYNTDKLI,SASGGTSYEQY,GILGFVFTL,5.71E-06,0
AGRVLGGGADGLT,SVEEGLNTEAF,GILGFVFTL,6.17E-06,0
AASETSYDKVI,ASSPTAPGDNEQF,GILGFVFTL,1.16E-07,0
ILRGGGNFNKFY,ASSLSAGGDYEQY,GILGFVFTL,8.05E-08,0
AGLRYNFNKFY,ASSFLTGGNRDYGYT,GILGFVFTL,2.68E-06,0
AVRDGNYQLI,ASSHTTGTGGSPLH,GILGFVFTL,0.000213593,0
GAALLNDYKLS,ASSWTEIYGYT,GILGFVFTL,2.06E-06,0
AASPTSNDYKLS,ASTPGAGASYEQY,GILGFVFTL,3.02E-05,0
AVMGSSASKII,ATGQGEVQPQH,GILGFVFTL,9.50E-06,0
AMREGIGGNKLV,ASSPELWTERNEQF,GILGFVFTL,4.69E-06,0
AIKGYGQNFV,ASSLGGQGIDEQY,GILGFVFTL,3.95E-05,0
AVSNSGYALN,ASSQVFGTPTPQH,GILGFVFTL,0.87020886,0
ALNSGYSTLT,ASSHQTGEETQY,GILGFVFTL,8.23E-07,0
LVGTPGGNTGKLI,ATSIGTSGNTGELF,GILGFVFTL,4.80E-05,0
AASGDDKII,ASSAAKGLAGGREQY,GILGFVFTL,0.00034821,0
AERGNFNKFY,ASSLIAGSETEAF,GILGFVFTL,5.61E-09,0
AASASGGSYIPT,ASSLGVTEAF,GILGFVFTL,0.001449853,0
AVMDSNYQLI,ASSQEWRGGQETQY,GILGFVFTL,2.20E-06,0
AEDRYSTLT,SARSGVGNTIY,GILGFVFTL,1,1
GTEFLTGWNQFY,ASSLAENYGYT,GILGFVFTL,6.60E-08,0
AASQSNQAGTALI,ASDVGQNTEAF,GILGFVFTL,0.00029996,0
LVGVKPGGGNKLT,ASSHGDTQY,GILGFVFTL,1.58E-07,0
ALSVADGQKLL,ASSPLQSSYNEQF,GILGFVFTL,0.000412971,0
IALNSNSGYALN,ASSLGGGSYGYT,GILGFVFTL,0.001049638,0
VVSETREAGTALI,ASSDSTVPTGELF,GILGFVFTL,1.13E-07,0
VVKSGGYQKVT,ASSQEQEYTEAF,GILGFVFTL,0.00163728,0
AVNMAPGNTPLV,SARDVGYNEQF,GILGFVFTL,9.85E-05,0
AENRNTGKLI,SAKVGGYT,GILGFVFTL,0.000145704,0
ALYLTGANSKLT,ASGLDRDYGDTQY,GILGFVFTL,0.000420719,0
ATVEVSNARLM,AWSVGSDEQY,GILGFVFTL,5.11E-08,0
AEKKGAAGGFKTI,ASSLADGGSYEQY,GILGFVFTL,0.00019905,0
ALSTNSNSGYALN,ASRSTGTASYNEQF,GILGFVFTL,0.000359356,0
AYRSEWRDDKII,ASSPPIAGGPYNEQF,GILGFVFTL,0.8269619,0
AMRALTGGFKTI,ASSQDGGPSGTGYT,GILGFVFTL,0.002195597,0
AANRDDKII,ASSQSVYNEQF,GILGFVFTL,0.017133564,0
ATEANFGNEKLT,ATSSIAGETQY,GILGFVFTL,0.007582784,0
ARSGGGADGLT,ASKIALGSTGELF,GILGFVFTL,0.000122919,0
AFNNFGNEKLT,ASSYGQAYEQY,GILGFVFTL,1.01E-06,0
AVRGNTPLV,ASSSEFGRSEAF,GILGFVFTL,2.24E-07,0
AVPVNNAGNMLT,AISESASGGHEQY,GILGFVFTL,2.63E-06,0
AFLLNDMR,ASSTPPLSYEQY,GILGFVFTL,6.74E-05,0
AASLNNARLM,ASRRFRSGGPVEQY,GILGFVFTL,2.28E-08,0
AVEDLGSGGSYIPT,ASSQGHLYEQY,GILGFVFTL,2.23E-06,1
GTELVVDSSYKLI,ASSKDRTANYGYT,GILGFVFTL,0.05349785,0
AVDGETSGSRLT,ASSRRPSYEQY,GILGFVFTL,0.029613316,0
AVRNYGQNFV,ASSPAGNYNEQF,GILGFVFTL,0.2925089,0
AVWWAQKLV,ASSDRGVSYNEQF,GILGFVFTL,1.93E-06,0
APNAGGTSYGKLT,ASSSRGRNNEQF,GILGFVFTL,2.25E-06,0
VVNGKDSSYKLI,ASSEGQVAPGELF,GILGFVFTL,0.9999853,1
AVGSGYSTLT,ASSLAVGGANEQF,GILGFVFTL,3.58E-08,0
VPAGNTPLV,ASSLSLGGGELF,GILGFVFTL,1.51E-07,0
AYSWETSGSRLT,ASSQVFGTPTPQH,GILGFVFTL,0.7274227,0
VVSARGHNTDKLI,ASSLGTNMNTEAF,GILGFVFTL,6.41E-08,0
LLGSLMNYGGSQGNLI,ASSVRAASEQY,GILGFVFTL,0.79389495,1
AYNTDKLI,ASSRGPGGNQPQH,GILGFVFTL,6.86E-05,0
AVAGNQFY,ASSQGVGGWNEQY,GILGFVFTL,0.016621858,0
AYNGRGSTLGRLY,ASSLVLDSPLH,GILGFVFTL,0.011116594,0
AGAGDSNYQLI,ASSFGQGDYEQY,GILGFVFTL,0.000719696,0
LVGGAGSYQLT,ASSQDGTGINYGYT,GILGFVFTL,5.63E-06,0
VVNQAGTALI,ASNGDRIRDTIY,GILGFVFTL,6.17E-05,0
VVNQAGTALI,ASSPDGGSYNEQF,GILGFVFTL,3.34E-06,0
AASQGGNQFY,ASSLSGVLGELF,GILGFVFTL,4.64E-07,0
AAHTSGTYKYI,ASSVDGGGYNEQF,GILGFVFTL,0.003063291,0
AVGVHGNNRLA,ATDLGGDQAMNTEAF,GILGFVFTL,3.61E-05,0
AVSAGGSYIPT,ASSDKPGLGNEQF,GILGFVFTL,2.76E-06,0
AVNGGANNLF,ASSQEVFMNTEAF,GILGFVFTL,3.33E-06,0
AVSTNARLM,ASSSLSIGQGENIQY,GILGFVFTL,0.002054781,0
ILIGGGTSYGKLT,ASSLEQGAGYT,GILGFVFTL,1.45E-06,0
AVNTGTASKLT,ASTVGL,GILGFVFTL,1.50E-06,0
AVIYTNYGGSQGNLI,ASSIYSNQPQH,GILGFVFTL,0.99953616,1
AESDLNTGFQKLV,SARDLAGGHYEQY,GILGFVFTL,2.50E-06,0
AVGGGADGLT,ASSLAGPLGAF,GILGFVFTL,2.18E-05,0
AESFNDYKLS,ASSPGGNNEQF,GILGFVFTL,0.09095159,0
ALSLDSNYQLI,SARDDNTGELF,GILGFVFTL,0.01470238,0
AVFSSGNTPLV,ASSEEGVGYEQY,GILGFVFTL,2.43E-08,0
APPTERSQGNLI,ASSLVSGTSGGPTYNEQF,GILGFVFTL,7.37E-07,0
AVESYSGNTPLV,ASRDLTENTEAF,GILGFVFTL,2.84E-08,0
AGPPHAGGTSYGKLT,ASGPAGGENTGELF,GILGFVFTL,0.000272721,0
ALTTDSWGKLQ,ASSSQDRGTEAF,GILGFVFTL,0.001648694,0
AVEDRTYNTDKLI,ASSEGTGVGTEAF,GILGFVFTL,8.79E-06,0
AAGQAGNMLT,SASTGIDT,GILGFVFTL,5.98E-07,0
ALSGYTGTASKLT,ASSLGLDNEQF,GILGFVFTL,4.68E-05,0
IGFPYGGATNKLI,ASSVGQLGYT,GILGFVFTL,2.03E-05,0
AVQADEGGSYIPT,CMGKSAGELF,GILGFVFTL,9.99E-07,0
AVSLSNYQLI,AWSGAGSYEQY,GILGFVFTL,8.06E-08,0
AYEETSGSRLT,ASSNYGGEGEQY,GILGFVFTL,7.60E-07,0
AVNNFNKFY,ASNPRGPENTSSYEQY,GILGFVFTL,0.000117591,0
AMRGFYGGSQGNLI,ASTFIGQTYTDTQY,GILGFVFTL,0.00022471,0
GTDDNNDYKLS,SASGLIGGAPYNEQF,GILGFVFTL,0.66116774,0
GPGGGNKLT,ASSLTGEHLSYEQY,GILGFVFTL,3.55E-07,0
TERGSQGNLI,ASSLGTVMNTEAF,GILGFVFTL,5.93E-07,0
AVEDYGGSQGNLI,ASSDRRGTEAF,GILGFVFTL,1.69E-05,0
ALHMEYGNKLV,SARDPVYSGESSYEQY,GILGFVFTL,0.000124156,0
AADRAGSYQLT,ASSEVNQPQH,GILGFVFTL,2.77E-05,0
VVNDPDKLI,ATDLGGDQAMNTEAF,GILGFVFTL,0.017975181,0
AENNYGQNFV,ASAQGAGYYEQY,GILGFVFTL,0.002027571,0
ALSVVKNTGNQFY,ASSPPARGRNSGANVLT,GILGFVFTL,9.49E-05,0
VVSDAGADGLT,SAMSRDPYNEQF,GILGFVFTL,0.000647903,0
ILRDGSGGSNYKLT,ASSLAYGSSYEQY,GILGFVFTL,0.000270814,0
AYRSADRDDKII,ASSQVLAVSYNEQF,GILGFVFTL,0.08657509,0
VVSAQTGANNLF,ASSLYGQGKRQPQH,GILGFVFTL,2.41E-06,0
AVLYSGGGADGLT,ASSGVGGKF,GILGFVFTL,0.025862038,0
AYYMGTYKYI,SAREGTGTGNQPQH,GILGFVFTL,3.22E-06,0
AGENGNQFY,ASSLAPGGGYSGELF,GILGFVFTL,9.43E-06,0
ASSHAGNNRKLI,ASSGGSSEAF,GILGFVFTL,3.34E-06,0
AGGKETSGSRLT,ASSLGQGVSQPQH,GILGFVFTL,0.048314422,0
AVMDSSYKLI,ASSDSTSGADTQY,GILGFVFTL,0.000332922,0
VPSGGSYIPT,ASSFPGKRGEQF,GILGFVFTL,7.70E-08,0
AVQAEGGATNKLI,ASSFTGWGYGYT,GILGFVFTL,0.000174761,0
AVRELRSWGKLQ,ASNVQGNTGELF,GILGFVFTL,0.000735372,0
AALDSNYQLI,ASSDPPGASGRNEQF,GILGFVFTL,3.75E-08,0
AESLFGNEKLT,AISESPAERQELTMKQF,GILGFVFTL,1.45E-05,0
VVNMAGGSYIPT,ASSSSGGADTQY,GILGFVFTL,1.51E-05,0
AFTHPHTGANSKLT,ASSPPGEQY,GILGFVFTL,9.67E-05,0
LVGDLTDKLI,ASSQDRNTIY,GILGFVFTL,1.19E-08,0
AASGGHSGGGADGLT,ASSMTGPYEQY,GILGFVFTL,0.000212014,0
ACDISGNTPLV,ASSHSSGSLNEQF,GILGFVFTL,0.039548278,0
AVKDSNYQLI,ASSQETPGSYNEQF,GILGFVFTL,6.48E-05,0
ALNDYKLS,ASSERGLIAASLTNYGYT,GILGFVFTL,0.83191085,0
ATDEDNNNDMR,ASSSRGRSNQPQH,GILGFVFTL,0.6056981,0
AYRRSSGDKLT,AGTGSSYNEQF,GILGFVFTL,5.35E-06,0
ARMDSNYQLI,ASSITGFNQPQH,GILGFVFTL,4.93E-06,0
AVRSGWAGGFKTI,AWSVPGDLSSYEQY,GILGFVFTL,2.10E-07,0
ALSGMDGGTSYGKLT,ASSMGQGTLSAF,GILGFVFTL,0.24635956,0
AVNKVGNEKLT,ASSFWAGTGALPGANVLT,GILGFVFTL,5.83E-07,0
AESIPSASKII,ASSLERGYEQY,GILGFVFTL,0.000111672,0
AVQESGGGADGLT,ATRSSLGNTEAF,GILGFVFTL,0.018079847,0
LVGVFTSGNTPLV,SARDPPASSYEQY,GILGFVFTL,1.73E-08,0
LVAPPGFSGGYNKLI,ASSPGTGAYGYT,GILGFVFTL,6.50E-06,0
ATDAENDYKLS,ASRPGTGTFEQY,GILGFVFTL,4.38E-06,0
AVSGLDVRGNEKLT,ATRDGTGSGNTIY,GILGFVFTL,1.77E-06,0
APAYYGGSQGNLI,ASSGPTGSEQY,GILGFVFTL,4.62E-06,0
ALDLGSRKYSSASKII,ASSLEGATGDTQY,GILGFVFTL,9.50E-09,0
AYRSLYAGNNRKLI,ASSQRTDSYEQY,GILGFVFTL,0.009209752,0
VDSAWANSGYALN,ASSSDLREQF,GILGFVFTL,1.12E-05,0
VVNSNSGYALN,ASSELTGSNQPQH,GILGFVFTL,3.26E-06,0
AFLSGAGSYQLT,ASSLQKRSTDTQY,GILGFVFTL,0.000171095,0
VVNNDYKLS,ASSLWASGSSYNEQF,GILGFVFTL,0.001096755,0
AAVHHNNNDMR,ASSLLAPTLSHDTQY,GILGFVFTL,4.66E-06,0
AVIEGFGNVLH,ASSPRLLAGGNEQF,GILGFVFTL,1.42E-05,0
AGLGRDSSYKLI,ASSPGTFGQPQH,GILGFVFTL,0.04335645,0
AASRGDDKII,ASSQGTGYGYT,GILGFVFTL,6.45E-05,0
AYRAGNNRKLI,ASSYSASSIREAF,GILGFVFTL,5.33E-07,0
VVNVEGRRALT,AISDLDRGDTDTQY,GILGFVFTL,3.70E-06,0
AVILRDAGNMLT,ASSWRGQGNGRGNYGYT,GILGFVFTL,2.41E-06,0
AESKRSRDDKII,ASSLEAGGYNEQF,GILGFVFTL,4.51E-06,0
GTVTSGGSYIPT,ASSNGLAGGDEQY,GILGFVFTL,0.001056343,0
AFRWDNNDMR,ASSVDLGLAGETQY,GILGFVFTL,1.37E-05,0
ALNTGGFKTI,ASSYSTSSSTDTQY,GILGFVFTL,0.000249505,0
AGNTNAGKST,ASSFGAITDTQY,GILGFVFTL,0.003652513,0
VVSEGNTPLV,ASSLQAGISYEQY,GILGFVFTL,4.06E-05,0
VRTDSSYKLI,ASSLQGGSGGYT,GILGFVFTL,0.23314244,0
AASDNAGNNRKLI,ASSEYTGDTEAF,GILGFVFTL,0.13495517,0
AYRISYGQNFV,ASSQSDRGAEAF,GILGFVFTL,1.26E-05,0
AVSSGANNLF,ATSGGQGPYQPQH,GILGFVFTL,2.15E-07,0
LVGASGGSYIPT,ASSLVKASGRDEQY,GILGFVFTL,3.64E-08,0
AYRLPSSGGSNYKLT,ASSLSLQPQH,GILGFVFTL,0.024884194,0
AASTDGQKLL,ATGTSGGDGELF,GILGFVFTL,6.21E-06,0
ARNTGNQFY,ASSPTTGTGNYGYT,GILGFVFTL,0.3851129,1
AYRRYNNNDMR,ASSLADFKNIQY,GILGFVFTL,1.14E-05,0
AYSWSGNTPLV,ASSLEQGELF,GILGFVFTL,8.22E-07,0
GTESSGTYKYI,ASSYSETQY,GILGFVFTL,0.12855574,0
VVSAESGNTPLV,ASSLWTGMAEAF,GILGFVFTL,0.07106528,1
ALSEYTGGFKTI,ASRATSGRAPVGTDTQY,GILGFVFTL,6.60E-06,0
AVERSYGANNLF,ASIPGVSYEQY,GILGFVFTL,6.91E-08,0
AYRLPTYSGGGADGLT,ASSRAGGTEAF,GILGFVFTL,0.00058654,0
AVSHGGSQGNLI,ASSIRSSYEQY,GILGFVFTL,0.99834085,1
AGGNNNARLM,ASSLGASTEAF,GILGFVFTL,8.68E-05,0
ALSGYNFNKFY,ASSPISNPYEQY,GILGFVFTL,9.25E-06,0
AVNARNAGNMLT,ASSLVVENTEAF,GILGFVFTL,2.98E-08,0
AESEVAGNMLT,ASSSRGADSNQPQH,GILGFVFTL,0.000141591,0
AANRGANNLF,ASSPYRETGEQF,GILGFVFTL,1.84E-08,0
AVLYSSASKII,ASSQDRGTRWYEQY,GILGFVFTL,2.19E-06,0
AYGDYKLS,ASSSRHYEQY,GILGFVFTL,0.28353798,0
AGAHGSSNTGKLI,ASSSRSAYEQY,GILGFVFTL,1,1
AGMDSSYKLI,ASSEDFGGGALQETQY,GILGFVFTL,2.35E-05,0
LVGDRGNTGRRALT,ASSQDPRSEQY,GILGFVFTL,1.96E-08,0
AASARASYDKVI,ASSWTGETGNYGYT,GILGFVFTL,2.08E-07,0
GTVIAGGSQGNLI,ASSTRSTDTQY,GILGFVFTL,1,1
AATRGGSQGNLI,SARDLRGMNTEAF,GILGFVFTL,0.000601918,0
ATALGQNFV,ATSGTLGTEAF,GILGFVFTL,2.18E-07,0
AARGTGTASKLT,ASSLEGYGSPLH,GILGFVFTL,3.50E-06,0
AGAAGNKLT,ASASGFYEQY,GILGFVFTL,3.22E-05,0
AGEEGFGNVLH,ASSDLRPQH,GILGFVFTL,2.77E-05,0
AVRYGQNFV,ASSLRAGSPGETQY,GILGFVFTL,1.28E-05,0
AVADSNYQLI,SARVGGGAEVQY,GILGFVFTL,8.98E-06,0
APRGSVYNTDKLI,ASSINSGNEQF,GILGFVFTL,0.5016576,0
AVMDSNYQLI,ASSQVGSWGEGGTEAF,GILGFVFTL,6.25E-06,0
AVAGDGNEKLT,ASSHYPGQVNTEAF,GILGFVFTL,0.18661013,0
VGDTGRRALT,ASSFGETQY,GILGFVFTL,2.19E-07,0
AENAGNMLT,ASSPAGEADTQY,GILGFVFTL,3.57E-07,0
AVARRGGATNKLI,SVDQGGGTEAF,GILGFVFTL,2.34E-08,0
AGLNTGFQKLV,ASNPEVPGLAGTRAYEQY,GILGFVFTL,0.000619322,0
LVGGNYGGSQGNLI,ASSYSGRPELTGELF,GILGFVFTL,4.87E-06,0
VVSGFQKLV,ASSSHDWGGQGSPLH,GILGFVFTL,3.95E-08,0
AASIRGNQFY,ASSRTGGFDNQPQH,GILGFVFTL,2.54E-06,0
AESIRNAGNMLT,ASSLDSNYGYT,GILGFVFTL,7.68E-08,0
VVNPSSGNTPLV,ASSIITDTQY,GILGFVFTL,1.72E-05,0
AMSPYNTDKLI,ASSAEDRYEQY,GILGFVFTL,8.56E-06,0
AVDTDKLI,AIRRGDTEAF,GILGFVFTL,2.58E-07,0
AMREGLKGYQKVT,ASSLAGPLGAF,GILGFVFTL,1.79E-05,0
ASGGYQKVT,ASSFPSGGVNTGELF,GILGFVFTL,7.36E-06,0
VVNPTGGSYIPT,ASSGWPNTEAF,GILGFVFTL,8.98E-06,0
AVEDKDSNYQLI,ASSPFRGLTNTGELF,GILGFVFTL,8.63E-07,0
QVL,ASSQGSPTEQF,GILGFVFTL,0.43410957,0
AASWAIKLT,ASTEPQAQETQY,GILGFVFTL,0.000131905,0
ASANTGTASKLT,ASSVSYRGSTEAF,GILGFVFTL,4.53E-07,0
AVDPGVTDKLI,ASSDEPQGNTDTQY,GILGFVFTL,1.69E-07,0
ARDGSGNTPLV,ASSEEGGYEQY,GILGFVFTL,0.012231499,0
AVENDMR,ASSYSRGGGNTDTQY,GILGFVFTL,6.69E-05,0
AVASNTDKLI,SASRGIEQY,GILGFVFTL,0.000438124,0
VVNLSNDYKLS,ASMSGYGYT,GILGFVFTL,0.000562966,0
ARNTGNQFY,ASSPKTGTAFYGYT,GILGFVFTL,0.9996309,1
VVSERGGGSYIPT,ASSPAGNYNEQF,GILGFVFTL,1.93E-06,0
ALIPYSGAGSYQLT,ASSLGQGAGQPQH,GILGFVFTL,3.00E-05,0
AVYADGQKLL,AGGPGLNTEAF,GILGFVFTL,0.00041005,0
VVNRRQAGTALI,ASSSVNEQY,GILGFVFTL,0.011126369,1
AVPVRAGSYQLT,ASSLWVNEQY,GILGFVFTL,1.38E-05,0
AVGAGNQFY,ASTDTATQY,GILGFVFTL,1.29E-05,0
AYRSNFGNEKLT,AVGTDENTEAF,GILGFVFTL,1.24E-05,0
AFMKRLNYGQNFV,ASSERKGPNTEAF,GILGFVFTL,0.000667036,0
AVQAFDDYKLS,SARDLSRNNEQF,GILGFVFTL,6.90E-06,0
AMRGRFSDGQKLL,ASSYSPRQGVYEQY,GILGFVFTL,4.91E-06,0
LQRGAQKLV,ASSSWEGPQTYEQY,GILGFVFTL,1.72E-08,0
AMSARGFGNVLH,ASSFESDYTDTQY,GILGFVFTL,8.77E-08,0
AASIRGNNRLA,ASSLGAAPGSYGYT,GILGFVFTL,8.28E-08,0
AALPLPSPANTGNQFY,ASSWAGGIETQY,GILGFVFTL,1.20E-05,0
AYRSEDSNYQLI,AISVEDRVLDTQY,GILGFVFTL,0.17133054,0
ALNKLS,ASSLDRVEQY,GILGFVFTL,0.000165343,0
LVGDQAGTALI,ASSQELRSPYEQY,GILGFVFTL,4.55E-07,0
VVSMDTGRRALT,ATSSSVGRQPQH,GILGFVFTL,1.43E-07,0
AASPWVNAGNNRKLI,ASSFGTFGSQPQH,GILGFVFTL,2.93E-06,0
VVNDAGNMLT,ASSVPNSNEQY,GILGFVFTL,1.28E-05,0
AVEDSYNTDKLI,ASSSGQVYEQY,GILGFVFTL,0.9839233,0
AVMSGGSQGNLI,ASSTTGADEQF,GILGFVFTL,0.24337384,0
AASGGEKLT,ASSLTGFYEQY,GILGFVFTL,6.44E-07,0
AMRNTGGFKTI,SANRGTGYDTQY,GILGFVFTL,1.55E-06,0
AVTFMASGSRLT,ASTLRQGWDQETQY,GILGFVFTL,6.60E-05,0
AGFENTGFQKLV,ASTPFERANEQF,GILGFVFTL,2.18E-07,0
AANQGAQKLV,ASSVRSTDTQY,GILGFVFTL,0.9996747,1
GTEDPMGDYKLS,ATGTSDYNEQF,GILGFVFTL,0.003232837,0
AVERNNDMR,ATGLAHNEQF,GILGFVFTL,1.96E-06,0
VGGSGGYNKLI,ASSQGGALNTEAF,GILGFVFTL,6.77E-07,0
AATHNFGNEKLT,ASSPTGGRNTEAF,GILGFVFTL,0.00065738,0
AYRSVENTGNQFY,ASSDGQGGWTEAF,GILGFVFTL,4.57E-06,0
ATDEGFGNEKLT,SVEGGGSDTEAF,GILGFVFTL,6.30E-07,0
ATGNTGFQKLV,ASSYNRINTEAF,GILGFVFTL,2.08E-06,0
AVGRTDSWGKLQ,ASSELRGQDTQY,GILGFVFTL,0.000133365,0
AGGNTGKLI,ASSLVATNEKLF,GILGFVFTL,0.000264108,0
LVGASIGFGNVLH,ASSLGGGSNQPQH,GILGFVFTL,9.85E-08,0
AYRSQGGSEKLV,ASSLGIGGSTEAF,GILGFVFTL,3.91E-05,0
VVNMRGAQKLV,ASSVGRGGNGNEQF,GILGFVFTL,1.18E-07,0
APIYNTDKLI,ASGTRSAQETQY,GILGFVFTL,0.00214383,0
AESRGNAGNNRKLI,ASSQGFSYEQY,GILGFVFTL,4.08E-08,0
ALSTTDKLI,ASSHGLAGVNEQF,GILGFVFTL,0.000228345,0
AAYSGAGSYQLT,ASSSGLGEQY,GILGFVFTL,4.88E-06,0
AGGESGGFKTI,ASSQDRGFREQY,GILGFVFTL,2.41E-06,0
ATDDYKLI,ASSPDTSVYEQY,GILGFVFTL,3.55E-06,0
AYRSANQGGSEKLV,ASSVGFNYGYT,GILGFVFTL,2.17E-07,0
ARFISNFGNEKLT,ASSYSWDDRDSMKF,GILGFVFTL,3.71E-06,0
AVKEYGNKLV,ASRLAGGDNEQF,GILGFVFTL,5.07E-07,0
AASSGMDDMR,ASSLGQGHSPLH,GILGFVFTL,6.56E-09,0
AGASGNTGKLI,ASSMRSSYEQY,GILGFVFTL,1,1
AYRISYGGSQGNLI,ASRLDRGLSYEQY,GILGFVFTL,8.47E-06,0
ALRDSGAGSYQLT,ASSLGHPSGEQY,GILGFVFTL,1.03E-05,0
AVSTYGGSQGNLI,ASSVDLGLAGETQY,GILGFVFTL,0.005809844,0
GTEVAGGGADGLT,ASSFTLAGESF,GILGFVFTL,0.038406014,0
AMRGHEAGTALI,ASSESRTGNTIY,GILGFVFTL,0.000101869,0
AVRVSGGQKLL,ASSPRDSLTPYNEQF,GILGFVFTL,1.61E-05,0
AYPNTGNQFY,SASTKGTVEAF,GILGFVFTL,1.72E-07,0
AESSSQAGTALI,ASSQSPGGTQY,GILGFVFTL,0.9999634,1
AVMDSNYQLI,ASSDVGGAGANVLT,GILGFVFTL,0.050488085,0
ACPTQGGSEKLV,ASSPGGWDTYEQY,GILGFVFTL,0.8835994,0
VVNGFGNEKLT,ASGLGQGLETQY,GILGFVFTL,1.95E-07,0
AVDSNSGYALN,ASSLETTGKGYT,GILGFVFTL,0.000231355,1
AASGDEKLT,ASSLAGGPPYEQY,GILGFVFTL,1.50E-05,0
GTGSQGGSEKLV,ASSDDGGYTGELF,GILGFVFTL,0.00022769,0
APRLILTGGGNKLT,ASSIRAGGRNEQF,GILGFVFTL,0.019885838,1
AVLDTGRRALT,AWSETGFHQPQH,GILGFVFTL,2.49E-07,0
AGYNNNDMR,ASSVAGELF,GILGFVFTL,0.006060481,0
AASDGNKLV,ASSLNQGDPTYEQY,GILGFVFTL,7.13E-06,0
AVQGGFGNVLH,ASSWGQGNTIY,GILGFVFTL,1.12E-07,0
AGPEAGGTSYGKLT,ASSHLGQGYGYT,GILGFVFTL,9.59E-08,0
AARTAARLM,ASSADRIEQF,GILGFVFTL,2.12E-05,0
AVIDNYGQNFV,ASSLVTGNEQF,GILGFVFTL,2.50E-06,0
AAGTGNQFY,ASSLRTGEETQY,GILGFVFTL,0.000207394,0
AVRNTGGFKTI,ASSQVFGTPTPQH,GILGFVFTL,0.95040226,0
GADWGNTGKLI,ASSLNGYSLRAF,GILGFVFTL,9.41E-06,0
AVNARNAGNMLT,ASSTRGGAGGDNEQF,GILGFVFTL,3.49E-07,0
AYRAYNADKLI,ASSPTGGNQPQH,GILGFVFTL,1.63E-06,0
AFMLNFGNEKLT,ASSVGTPRETQY,GILGFVFTL,2.77E-05,0
AYRSANYGGSQGNLI,ASSLWDRGHYGYT,GILGFVFTL,2.05E-05,0
AEDRNARLM,SARDRGLGNTIY,GILGFVFTL,0.99171007,0
AEGYSSASKII,ASSLGGSNQPQH,GILGFVFTL,1.67E-06,0
AMSGSNFGNEKLT,SASRTVDRGDYGYT,GILGFVFTL,0.00148949,0
AYRSAIEYGNKLV,ASSPIHGGELF,GILGFVFTL,0.017134339,0
AVNEDTGRRALT,ASSQVEEGERGYT,GILGFVFTL,3.94E-06,0
AYNTDKLI,ASTPLAGGYNEQF,GILGFVFTL,0.025273114,0
AASARGGSEKLV,ASGDRVQETQY,GILGFVFTL,0.001417548,0
ALSDRNGGSTLGRLY,ASSDSGGGLYNEQF,GILGFVFTL,0.000160009,0
AVEDTGTYKYI,ASSKGGELF,GILGFVFTL,1.07E-05,0
ALSSFGNVLH,ASTLDRDYGYT,GILGFVFTL,1.41E-07,0
AVSTYGGSQGNLI,ASSFLTGGNRDYGYT,GILGFVFTL,0.000220269,0
VVNAANTDKLI,ATSDLGGSWQTQY,GILGFVFTL,1.86E-06,0
AASDLGGNKLV,ASSQVPLSGRAIALTGELF,GILGFVFTL,2.08E-06,0
AVYGGATNKLI,ASRIGTGGHSPLH,GILGFVFTL,6.29E-07,0
AGARSYQLT,SARDLTSGSYNEQF,GILGFVFTL,1.37E-06,0
LGIEGYSGAGSYQLT,ASRGQDNEKLF,GILGFVFTL,0.001891553,0
AYSSNNDMR,ASSAVSYEQY,GILGFVFTL,5.82E-06,0
AVIGFGNVLH,ASTVLQGNYEQY,GILGFVFTL,9.36E-07,0
AVSGSARQLT,ASSPGSGTGGN,GILGFVFTL,6.57E-05,0
AYIGARVHGYALN,ASSTTSGGDEQF,GILGFVFTL,0.03996685,0
APWATDSWGKLQ,ASSDTGTHEQY,GILGFVFTL,4.18E-07,0
AACTNAGGTSYGKLT,ASSQDGAGGATDTQY,GILGFVFTL,0.01253596,0
ALLSYGGTYKYI,SAPGGARLDTQY,GILGFVFTL,1.52E-06,0
APDPGGTSYGKLT,ASSAEGGYEQY,GILGFVFTL,1.17E-06,0
ALSEYTGGGNKLT,ASSFLTGGNRDYGYT,GILGFVFTL,0.002480179,0
AVLKGDMGQGGSEKLV,ASSLGRGWTLYEQY,GILGFVFTL,4.00E-05,0
LVGDPYTNAGKST,ASRRDRGGEKLF,GILGFVFTL,3.41E-05,0
AADSNYQLI,ASSPRWGWSASTEAF,GILGFVFTL,0.000647813,0
ALTDTGRRALT,ASSQGGRYNEQF,GILGFVFTL,4.10E-07,0
ISAGGTSYGKLT,ASSRQGAITDTQY,GILGFVFTL,2.27E-06,0
ATENTGGFKTI,ASSPWGGFENEQF,GILGFVFTL,0.004185408,0
LVGAPNAGNNRKLI,ASNPGIGRDTQY,GILGFVFTL,1.42E-06,0
AMRDSWGNEKLT,ASSLETSAETQY,GILGFVFTL,0.021279454,0
AYSGGSNYKLT,ASSYRGGTEAF,GILGFVFTL,0.042454362,0
AATYSGYSTLT,ASSPGEGREPYEQY,GILGFVFTL,1.59E-05,0
VVSDLKGFGNVLH,ASSYGGTSTDTQY,GILGFVFTL,2.90E-07,0
AGEDFKAGGTSYGKLT,ASSPRTNGRYEQY,GILGFVFTL,0.00094074,0
AAYSGGGADGLT,ASRSMNAGTAF,GILGFVFTL,0.000265002,0
ALIDNSGNTPLV,SASRGPDEQF,GILGFVFTL,3.93E-06,0
ANGGSQGNLI,ASSIRSSYEQY,GILGFVFTL,1,1
ASGGGADGLT,ASSRTGYLETQY,GILGFVFTL,1.39E-05,0
GTEGWRNRDDKII,ASRGNGGNQPQH,GILGFVFTL,3.30E-06,0
AVKDTDKLI,ASSLDLGQGGRNEQF,GILGFVFTL,1.96E-07,0
AGGSQGNLI,STNEAPGGVKNYGYT,GILGFVFTL,0.9466076,0
AATLGSGTYKYI,ASSSYNEQF,GILGFVFTL,0.00013712,0
AARVDTGNQFY,ASTLDTYGYT,GILGFVFTL,4.05E-06,0
VVSDYNQGGKLI,AISNPGANVLT,GILGFVFTL,4.24E-07,0
AVYSSASKII,ASSIALRTANTEAF,GILGFVFTL,6.67E-07,0
ALGGSQGNLI,ASSLGRSTGELF,GILGFVFTL,0.99782896,0
ATSGTYKYI,AISRGGNTEAF,GILGFVFTL,7.43E-06,0
AGPWGNKLV,ASRGSLTSYEQY,GILGFVFTL,7.74E-06,0
AVYSGGGADGLT,ASSQDPTSRYEQY,GILGFVFTL,0.000104965,0
AVSGDTGGFKTI,ASSGEGDVSNTGELF,GILGFVFTL,9.23E-05,1
VVNGADSSYKLI,ASSEGRVAPGELF,GILGFVFTL,0.99807644,1
AVMETSGSRLT,ASSIGTSGQETQY,GILGFVFTL,0.061000854,0
ARCLEHAGNQFY,ASSYQIPTGELF,GILGFVFTL,0.000179738,0
LVGDYAGNNRKLI,ASSLGQRTDTQY,GILGFVFTL,2.92E-07,0
AASHLGGSYIPT,ATSEDSNQPQH,GILGFVFTL,8.80E-06,0
VVNMDGGQKLL,ASRTPDRDYEQY,GILGFVFTL,5.24E-06,0
ATVASKLT,ASTPTGLGVDEQF,GILGFVFTL,1.57E-06,0
AYRSAYGETSGSRLT,ASSLVSWDLASYEQY,GILGFVFTL,4.73E-08,0
AGEEYYNTDKLI,ASSFGAGYT,GILGFVFTL,8.07E-06,0
LVGDMQDNNNDMR,ASSQGTGMNTEAF,GILGFVFTL,7.97E-07,0
ASRDNFNKFY,ASSYSQVGARVNEKLF,GILGFVFTL,5.95E-07,0
ALSISGYSTLT,ATLHKTGDNQPQH,GILGFVFTL,1.47E-06,0
VSVSYNTDKLI,SVEGQGDPSYEQY,GILGFVFTL,1.85E-06,0
AENIGGGADGLT,SVEDQPWGRVTEAF,GILGFVFTL,0.9834602,0
VVPKAGGSYIPT,ASSQEGGGGYEQY,GILGFVFTL,0.006173044,0
IVRVNAGGTSYGKLT,ASSPLAGAEQF,GILGFVFTL,0.9358793,0
AVLEGFGNVLH,ASSLNRGSEETQY,GILGFVFTL,2.30E-07,0
ALSVDRFSDGQKLL,ASSLTVNTEAF,GILGFVFTL,0.01626432,0
AVRDWNTDKLI,ASSFQKNQPQH,GILGFVFTL,0.51508397,0
GTEGAGNNRKLI,ASSLGDHATSRDYNEQF,GILGFVFTL,6.45E-06,0
AGINSGYALN,ASSLGGGTTDTQY,GILGFVFTL,6.06E-06,0
VVNGGDSSYKLI,ASSPPELAPNEQF,GILGFVFTL,0.8010584,1
AVRDHNTDKLI,SPRGPTSSYNEQF,GILGFVFTL,8.17E-08,0
AMREPYFGAGSYQLT,ASSLSGAGSGNTIY,GILGFVFTL,6.97E-05,0
AVLDNYGQNFV,AISGGAAGLRTEAF,GILGFVFTL,7.14E-08,0
ALRSGRGSTLGRLY,ASSSISGGAIGNEQF,GILGFVFTL,4.95E-05,0
VVIGGYNKLI,ASSPHERATDTQY,GILGFVFTL,0.000893593,0
LVGGVQRGSTLGRLY,ASSPYEDIYT,GILGFVFTL,5.67E-07,0
AGTHPTSNTGKLI,ASSIFSQAMEQF,GILGFVFTL,0.9999722,1
ALNTGGFKTI,ASSLAVWPPGELF,GILGFVFTL,3.90E-05,0
LVGDRNYGGSQGNLI,ASSPSGSYNEQF,GILGFVFTL,1.30E-07,0
ILTNFGNEKLT,AAQRGEQY,GILGFVFTL,8.28E-07,0
AVGAPDNFNKFY,ASSGSGEQF,GILGFVFTL,1.12E-05,0
VVTPTGGSYIPT,ATSDPKGQDPYEQY,GILGFVFTL,4.08E-06,0
AVDMPGNQFY,ASSLVWSSTQY,GILGFVFTL,2.08E-06,0
AGGFTGNQFY,ASSSGYRGHYGYT,GILGFVFTL,2.52E-06,0
AASESGSARQLT,ASSLNRANYNEQF,GILGFVFTL,5.33E-08,0
AMSFFTGGGNKLT,ASSYGPTTGTLNEQF,GILGFVFTL,2.58E-05,0
GTEIWYGNKLV,ASSFFGGAGEQF,GILGFVFTL,0.052862644,0
AARGVKTSYDKVI,SANWLNVGTGQETQY,GILGFVFTL,0.000157565,0
ILSKNTPLV,ASSPLAGVNTGELF,GILGFVFTL,1.95E-07,0
AVWLS,ASSVRQGSTDTQY,GILGFVFTL,0.3918725,0
AGVDSNYQLI,ASSEEDRVGNQPQH,GILGFVFTL,0.000589669,0
ATDAQGNMLT,ASSTSGALGPDTEAF,GILGFVFTL,0.027448267,0
ILRNGGSQGNLI,ASSFWASVLETQY,GILGFVFTL,5.31E-06,0
AASSMNTGFQKLV,ASNNVGASYEQY,GILGFVFTL,0.000288695,0
AGQLSRNNNARLM,AISESGQSPNNEQF,GILGFVFTL,6.29E-05,0
AGQLSTGNQFY,ASSVEGSRGTEAF,GILGFVFTL,1.26E-06,0
ASWGDDYKLS,ASSLEGGYTDTQY,GILGFVFTL,6.69E-05,0
AVNYPLPNDYKLS,ASSPTSGENTGELF,GILGFVFTL,0.005828291,0
AVGLGGGSQGNLI,ASSVRSTDTQY,GILGFVFTL,1,1
AIYNTDKLI,ASSVEAGGYEQY,GILGFVFTL,0.029600143,0
AMISNRDDKII,ASSPSGGTRF,GILGFVFTL,7.87E-05,0
AVSGGKST,SARILDRQNTEAF,GILGFVFTL,5.31E-07,0
AVSGSNDYKLS,ASSVAANYGYT,GILGFVFTL,8.18E-05,0
ALRGDNFNKFY,ASSLFQGPSYGYT,GILGFVFTL,7.72E-07,0
AGDAGFNKFY,ASSVGGGTSNEQF,GILGFVFTL,1.36E-06,0
AAHGYQKVT,ASSATGTGGYEQY,GILGFVFTL,2.74E-05,0
AGRGNYGQNFV,ASGDSSYEQY,GILGFVFTL,6.67E-05,0
AMKRGGGFKTI,ASSSTGGAEQY,GILGFVFTL,3.94E-06,0
VPGEFGNEKLT,ASSLSVAPYNEQF,GILGFVFTL,6.71E-05,0
AMREFFDTGRRALT,ASSEGRSSYEQY,GILGFVFTL,0.001201719,0
ASRDNFNKFY,ASKLLAGGRETQY,GILGFVFTL,1.02E-06,0
AMREGQGRNSGYALN,ASSSRDRATHTQY,GILGFVFTL,2.44E-05,0
AVEDYGQNFV,ASSPPFLAGSGSSYEQY,GILGFVFTL,7.90E-05,0
AYRSAETGRRALT,ASDDDVGQGRFYEQY,GILGFVFTL,1.52E-06,0
VVNIPQNTGGFKTI,ASSPGTGTYGYT,GILGFVFTL,3.26E-05,0
AVDKDFGNVLH,ASSYNVYEQF,GILGFVFTL,1.65E-05,0
ALYNFNKFY,ASSQVFGTPTPQH,GILGFVFTL,0.9591153,0
ILRDVVASYDKVI,ASSLVREGGNEQF,GILGFVFTL,9.66E-07,0
LVEGSSYKLI,SALAGVEAKNIQY,GILGFVFTL,6.93E-06,0
ALKTDNYGQNFV,ATTRSGETQY,GILGFVFTL,9.38E-06,0
AMISGGYQKVT,ASSLTGTGGGVVDTQY,GILGFVFTL,1.15E-05,0
APMDSNYQLI,SARGLLDTEAF,GILGFVFTL,4.99E-08,0
AAQSNQAGTALI,ASSPGGNEQF,GILGFVFTL,8.32E-07,0
AVKEGGGSYIPT,ASSRGQNTGELF,GILGFVFTL,8.74E-08,0
AAVKWMDSSYKLI,ASSEGRVIHNEQF,GILGFVFTL,2.41E-05,0
AVASYGGSQGNLI,ASSLAGGTKGYT,GILGFVFTL,1.87E-06,0
AYRSAPDSGYALN,ASSKLAGVPDEQF,GILGFVFTL,2.49E-06,0
GADIGSNFGNEKLT,ASSLGPDSIYYEQY,GILGFVFTL,2.26E-07,0
AVETSYDKVI,AISGTGYGYT,GILGFVFTL,0.007128149,0
AAVVPGSGNTPLV,ASSLEDRVPHEQF,GILGFVFTL,5.15E-06,0
AYRSRDNYGQNFV,ASSERWVRDEQF,GILGFVFTL,4.01E-07,0
AASPFWGYQKVT,ASSSLAGGQHTGELF,GILGFVFTL,1.61E-06,0
GTEGAGNNRKLI,AIRTGVTDEQY,GILGFVFTL,4.26E-07,0
AVRSYAGGTSYGKLT,ASSQDYSGYIGYEQY,GILGFVFTL,1.19E-07,0
AFKKGSTLGRLY,ASIGGIAYEQY,GILGFVFTL,3.12E-07,0
AACENTDKLI,ASSLTIGTSRAEQF,GILGFVFTL,0.004357487,0
AVLMYNNNDMR,ASKGTGTNYGYT,GILGFVFTL,0.000116143,0
AASGTDSWGKFQ,ASSQDHTGGPGANVLT,GILGFVFTL,0.000655293,0
AVWDNYGQNFV,SVEEVGDGRGYT,GILGFVFTL,7.75E-07,0
AFSPSGTYKYI,ATSDTESHNEQF,GILGFVFTL,8.31E-08,0
ALRDSGGSNYKLT,ASSQARDPTGELF,GILGFVFTL,4.54E-05,0
AVSLDSGGGADGLT,ASSRTGYSYNEQF,GILGFVFTL,0.009039134,0
ATDADYNTDKLI,ASSREDREENNEQF,GILGFVFTL,0.001180828,0
VVNGGNTPLV,ASSLASGGAANEQF,GILGFVFTL,2.30E-08,0
AVIYGNQFY,ASSLWTGGSSGANVLT,GILGFVFTL,0.09336263,1
AVRDDGGYNKLI,ASNLAGGGADTQY,GILGFVFTL,0.016126394,0
VVNDYKLS,ASSSTREGTDTQY,GILGFVFTL,0.000537992,0
AGYRGETSGSRLT,ASSLSVNTEAF,GILGFVFTL,0.006218612,0
ALSLGSGYALN,ASSLGGGYNEQF,GILGFVFTL,4.21E-08,0
AVITGDYKLS,SARSTGDYEQY,GILGFVFTL,6.26E-05,0
AARGSSYKLI,ASSVGGELGEQY,GILGFVFTL,6.74E-07,0
AMREGPMKGYQKVT,ASSIKINSNQPQH,GILGFVFTL,0.012660027,0
GADIVGSNYKLT,ASSPSGFGNTIY,GILGFVFTL,4.89E-05,0
VVTDTPNSGYALN,ASSPRTLQPQH,GILGFVFTL,0.002196848,0
AVKPPGNTPLV,ASKLGQAASYEQY,GILGFVFTL,3.67E-08,0
AAKTDKLI,ASPGPTGTEAF,GILGFVFTL,0.000704467,0
VVDTGGFKTI,ASSEWRQEDGNTIY,GILGFVFTL,8.14E-08,0
VASGGSYIPT,ASSAEYQTDQPQH,GILGFVFTL,8.25E-05,0
AARGEYGNKLV,ATSSPDRGVRETQY,GILGFVFTL,1.57E-07,0
AVEHNAGNNRKLI,ASRQPATTYEQY,GILGFVFTL,3.15E-07,0
LGAPGTTGRRALT,ASSESDRGQGETQY,GILGFVFTL,5.98E-07,0
GADMGDDKII,ASSLLTGKNTEAF,GILGFVFTL,0.000270098,0
AMKDFGNEKLT,ASSADEWDRKETQY,GILGFVFTL,2.07E-06,0
AENRAGNNRKLI,ASSQGNEQF,GILGFVFTL,4.48E-05,0
AYSWETSGSRLT,ASSTPKRGAYEQY,GILGFVFTL,0.003221095,0
AAREDSWGKLQ,ASSLSKDGDYGYT,GILGFVFTL,0.24205008,0
LVGDYLTGGGNKLT,ASTTGQGALNTEAF,GILGFVFTL,1.21E-05,0
AGLQGGGADGLT,ATSRDSVAGRAHGYT,GILGFVFTL,1.75E-07,0
AASIMNRDDKII,ASSTFSSNQPQH,GILGFVFTL,0.9663249,0
VVSEYSNYQLI,SARVPVTGGSSGNTIY,GILGFVFTL,0.001634032,0
ATDARPQGGSEKLV,ASSLGTSVNEQF,GILGFVFTL,0.00604856,0
AASALSRNAGNMLT,ASSSRTLPEAF,GILGFVFTL,3.70E-06,0
AGADGGSQGNLI,ASSYRSTDTQY,GILGFVFTL,1,1
VVNGPDSSYKLI,ASSPGLVMPGEQF,GILGFVFTL,0.025920749,1
VVSATGNNDMR,ASSIDWDEQF,GILGFVFTL,2.98E-08,0
AVPNQAGTALI,ASRSDSHYGYT,GILGFVFTL,3.25E-07,0
VVPSMRDSNYQLI,ASSSTSQSTDTQY,GILGFVFTL,0.07647374,0
AVEMDSSYKLI,ASSRGKYEQY,GILGFVFTL,0.001165122,0
AVYNFNKFY,ASTRDSTIKNTEAF,GILGFVFTL,0.000107497,0
ARGRDDKII,ASSGQGRNTEAF,GILGFVFTL,2.23E-06,0
AYYRRDDKII,ASGPLADYEQY,GILGFVFTL,6.53E-06,0
AVDSGAQKLV,ASSPGQGYYGYT,GILGFVFTL,3.88E-08,0
AMSGSGSSYKLI,ATSRDTGVGTGELF,GILGFVFTL,0.000728488,0
AVSSMDSSYKLI,ASSWERSRGGTEAF,GILGFVFTL,0.08690876,0
AVGGSGYALN,ASMAPLVDEQF,GILGFVFTL,0.00283581,0
LVGAPGYSSASKII,ASSSQKGNQPQH,GILGFVFTL,0.45988005,0
ATESKTSYDKVI,ASSWGGLYEQY,GILGFVFTL,0.001327515,0
AALNAGNMLT,ATLTSYNEQF,GILGFVFTL,3.50E-07,0
AVNYGQNFV,ASSDIPSSYNSPLH,GILGFVFTL,7.17E-06,0
AAPDGYGQNFV,ASSYNPFTEAF,GILGFVFTL,1.68E-05,0
AVDEYSGNQFY,AGGSGTDWF,GILGFVFTL,1.83E-06,0
VYNQGGKLI,ASSQARDPTGELF,GILGFVFTL,2.64E-06,0
LVGDRFNAGNMLT,ASSPLGTGSYNEQF,GILGFVFTL,9.61E-07,0
ALSEPTTDSWGKLQ,ASKWGGYNEQF,GILGFVFTL,4.62E-05,0
AVNRDDKII,ASSQAKGWNTIY,GILGFVFTL,2.15E-08,0
VVNGRNTDKLI,ASSQGIVTSGRSNEQF,GILGFVFTL,2.57E-06,0
AYRSEETSGSRLT,ASSALRGRLHEQY,GILGFVFTL,0.001726389,0
ILRDWGDDKII,ASSWGPGANVLT,GILGFVFTL,1.21E-06,0
ALMGQNFV,ASSLGGGGTEAF,GILGFVFTL,3.50E-06,0
AVKAGGFKTI,ASSFGTSYDEQY,GILGFVFTL,0.000141799,0
ATDHYTGANSKLT,ASSRISSYNEQF,GILGFVFTL,0.002563775,0
LVGEGRTGNQFY,ASSPGVAGGLEQF,GILGFVFTL,0.17222911,0
VVSARARLM,ASSLGPRERSNQPQH,GILGFVFTL,0.002530038,0
AALDNYGQNFV,ASSSLSSNQPQH,GILGFVFTL,7.89E-06,0
AVTYDKVI,ASSGRTGFRSGANVLT,GILGFVFTL,1.36E-05,0
AATRGSTLGRLY,ASSQALAGGGYEQY,GILGFVFTL,3.45E-07,0
ALNTGNQFY,ASSPVTGTGYYGYT,GILGFVFTL,0.009117633,1
AVDIPRGSTLGRLY,ASRPQWTSGETSTDTQY,GILGFVFTL,2.25E-06,0
LVGDMGGSSNTGKLI,ASSQGGGGYSYEQY,GILGFVFTL,1.69E-05,0
ATDEETSGSRLT,ASSLASSYEQY,GILGFVFTL,4.18E-06,0
VVTADSWGKLQ,ASSRRDRKGEQY,GILGFVFTL,2.46E-05,0
AGPLWVPGGTSYGKLT,SVINTEAF,GILGFVFTL,3.04E-07,0
AGPRASGTYKYI,ASDLGAYNEQF,GILGFVFTL,0.003306568,0
AVKIQGAQKLV,ASSLGGEWPQH,GILGFVFTL,3.48E-06,0
AFILTRDDKII,ASSLVPGQGGDTEAF,GILGFVFTL,1.48E-08,0
AVTTLGSDYKLS,SALLAGGIHNEQF,GILGFVFTL,0.9963795,0
AVMNGNKLV,ASSSSTSGGTYEQY,GILGFVFTL,5.77E-06,0
AMREANYGQNFV,ASIDSLGLSNEQF,GILGFVFTL,6.04E-07,0
AYSWETSGSRLT,ASGEQGSDYGYT,GILGFVFTL,4.18E-07,0
AENMPPGRRALT,ASSVKGSTDTQY,GILGFVFTL,0.002516627,0
AAKPLGSWGKLQ,ASSHATGTDYEQY,GILGFVFTL,9.09E-08,0
AESNSGYALN,SASQAQYNEQF,GILGFVFTL,7.69E-05,0
AVGDEKLT,ASSYWNTGELF,GILGFVFTL,3.02E-05,0
AVVPSIQGAQKLV,ALGDNEQF,GILGFVFTL,5.60E-07,0
AEIPSGAGSYQLT,ASSDGGTSYEQY,GILGFVFTL,0.004710078,0
AVVDPFSGGYNKLI,SARDLLQRGGPYNEQF,GILGFVFTL,0.008995831,0
ILMNSGYSTLT,ASSSRGYGYT,GILGFVFTL,2.20E-05,0
AASNTGNQFY,ASSPGPNYGYT,GILGFVFTL,0.00059548,0
AAAYNFNKFY,ASSSGTFSGANVLT,GILGFVFTL,6.74E-07,0
ALIPNTGGFKTI,ASSDEQTMNTEAF,GILGFVFTL,0.014296919,0
AGCYYQGGSEKLV,ASSRTPPAGGLAGELF,GILGFVFTL,0.013601989,0
AARGTYKYI,SARDTTGNGYT,GILGFVFTL,0.92495084,1
AFKKVDGSEKLV,ASRPGTSGSFDEQY,GILGFVFTL,0.000584155,0
AYSWETSGSRLT,ASAGTGDEKLF,GILGFVFTL,6.10E-06,0
AVPQTGANNLF,ASSYSSSGIGYT,GILGFVFTL,1.45E-07,0
AYCRGYSTLT,ASSYSRVGGYT,GILGFVFTL,0.23297936,0
VVNTGGFKTI,ASSPSEGEIYGYT,GILGFVFTL,3.71E-07,0
AVYPGNTPLV,ASSPNIDFSGANVLT,GILGFVFTL,2.25E-06,0
AYIDFGARLM,ASSQERSASYEQY,GILGFVFTL,2.15E-06,0
ARNTGNQFY,ASRLLAGVINEQF,GILGFVFTL,0.70972484,1
AVVSMDTGRRALT,ASSLRGQINEKLF,GILGFVFTL,2.32E-05,0
AVPETSGSRLT,ASNPTGGPVAF,GILGFVFTL,1.38E-05,0
LVGDRTSGTYKYI,ASSQGMLAF,GILGFVFTL,1.40E-05,0
AVNAKSDGNKLV,ATSDWRAANTGELF,GILGFVFTL,0.000101819,0
AGQLGAGGTSYGKLT,ASKGKLTEAF,GILGFVFTL,0.027388573,0
AVDSNYQLI,ASSPYGGGVSGDTQY,GILGFVFTL,8.76E-05,0
AGHYNNAGNMLT,ASSPTGSEQY,GILGFVFTL,0.000355065,0
ATGAQKLV,ASSVSGGDYNEQF,GILGFVFTL,0.010482073,0
AVQGKTSYDKVI,ASSLRQGVARETQY,GILGFVFTL,6.71E-05,0
AVELNDYKLS,ASTGDSSYEQY,GILGFVFTL,4.15E-07,0
VVYGAAGNKLT,ASSLVGPGELF,GILGFVFTL,1.47E-06,0
ILRDDNNNDMR,ASSQTVPGQGLDGYT,GILGFVFTL,2.56E-05,0
AASVGAGNMLT,ATSVRGGPMITGELF,GILGFVFTL,2.32E-06,0
AVRVDQTGANNLF,ASSLGTSDSYEQY,GILGFVFTL,1.46E-06,0
AAALNTDKLI,ASTGSFAYNEQF,GILGFVFTL,0.000696927,0
AVLGDSWGKLQ,ASSPRTSGARYTDTQY,GILGFVFTL,0.003656328,0
AVHLITGNQFY,ASTTGVREAF,GILGFVFTL,0.000660181,0
AASDPGGFKTI,ASSYQGPDYGYT,GILGFVFTL,2.49E-06,0
GTDLYNTDKLI,ASSISVELAEAF,GILGFVFTL,4.35E-05,0
AVRDPQAGTALI,ASSPNLSSGNTIY,GILGFVFTL,0.00025779,0
VVSLYSGGGADGLT,ASRPPTAGGVNEQF,GILGFVFTL,4.04E-05,0
AASARAAGNKLT,ASSPGTEEKLF,GILGFVFTL,1.10E-07,0
AGRALNNAGNMLT,ASSFAGSGYT,GILGFVFTL,4.43E-06,0
AVNQAGTALI,SASGRGPGELF,GILGFVFTL,0.000105488,0
AESGGTGKLI,ASGEGGNTEAF,GILGFVFTL,0.020024031,0
ILRAAGGTSYGKLT,ASSFLTGGNRDYGYT,GILGFVFTL,0.000790119,0
ALPDGGYNKLI,ASSFAGSSYNEQF,GILGFVFTL,7.04E-05,0
AMREGFNYGQNFV,ASSHPGAGSSSGYT,GILGFVFTL,1.66E-07,0
AAGFQKLV,SVERQGLPPSTDTQY,GILGFVFTL,1.12E-05,0
AASVGAGNMLT,ASSSSRSGRTDTQY,GILGFVFTL,1.23E-07,0
AGQLTTDSWGKLQ,ASISRIEAF,GILGFVFTL,1.10E-05,0
AFMTNAGGTSYGKLT,ASSSGSYGYT,GILGFVFTL,1,1
AVNEDGTGKLI,ASSSRLAGVYTDTQY,GILGFVFTL,0.025658697,0
AVRRISNFGNEKLT,ASSQLNGGGTGELF,GILGFVFTL,2.04E-05,0
AYRSPYYTGANSKLT,ASSLEGGSYNEQF,GILGFVFTL,6.33E-07,0
AVEGYSTLT,ASSGDGGSSYNEQF,GILGFVFTL,4.26E-06,0
AVSEEGSARQLT,ASSETIYYEQY,GILGFVFTL,2.71E-08,0
AMRPLDTGRRALT,ASSQDWGVSADTQY,GILGFVFTL,2.05E-06,0
AVDSNYQLI,AISESNSGMTGYT,GILGFVFTL,1.53E-07,0
AASGASNYKLT,AISQYTGSEEKLF,GILGFVFTL,9.58E-07,0
ALSEPYSGAGSYQLT,ASSLGMNTEAF,GILGFVFTL,8.35E-08,0
AESTGKLI,SVGSGGTNEKLF,GILGFVFTL,0.99987197,1
AVQRSNDYKLS,ASRDTGTGNYGYT,GILGFVFTL,4.31E-05,0
AGVWGGNEKLT,ASSLQIPQQETQY,GILGFVFTL,0.00053227,0
APNVGNQFY,SAVRDYTQY,GILGFVFTL,1.60E-07,0
AVKGSNDYKLS,ASSSGPSTEAF,GILGFVFTL,2.60E-07,0
AESWTNTGFQKLV,SARDRVNYNEQF,GILGFVFTL,4.90E-05,0
AGGLYNFNKFY,ASSQGSGTPSSYEQY,GILGFVFTL,5.93E-08,0
AANTDKLI,ASSQDPMLETQY,GILGFVFTL,0.99723935,0
VVESNTGFQKLV,ASSQIGTSGVNEQF,GILGFVFTL,3.73E-06,0
ARDLGGGSQGNLI,ASSVRSTDTQY,GILGFVFTL,1,1
AVRDNTDKLI,ASSLLQGGYEQY,GILGFVFTL,0.006294578,0
AVPNQAGTALI,ASSSPGTGGRDTQY,GILGFVFTL,7.40E-06,0
AASATGAQKLV,ASSPGTGVNSPLH,GILGFVFTL,5.06E-05,0
AVIYGSGNTGKLI,AWSSRTWEQY,GILGFVFTL,0.000403434,0
AVRERGSYIPT,AREGDSTDTQY,GILGFVFTL,6.01E-06,0
ACRGAGAQKLV,ASRPGDFYEQY,GILGFVFTL,0.001067221,0
AYSHDDKII,ASSRWTGDIILSGNTIY,GILGFVFTL,2.49E-05,0
AFMGGADGLT,AISGDGGDEQF,GILGFVFTL,0.002738088,0
AESSTDSWGKLQ,ASSGTSGGPAEQY,GILGFVFTL,0.22528261,0
GTEGAGNNRKLI,ASSHATTYEQY,GILGFVFTL,7.25E-07,0
AVEGWNNRLA,ASSLGRSLGYT,GILGFVFTL,7.36E-08,0
AVTYNFNKFY,ASSPDGGASYEQY,GILGFVFTL,1.18E-06,0
AYREYGNKLV,ASSFSLREPRGTEAF,GILGFVFTL,1.42E-06,0
AYRSRYSGGGADGLT,ASSYGDSRGGGEQF,GILGFVFTL,2.74E-08,0
AYDDSNYQLI,ASSRTSGGHEQY,GILGFVFTL,3.45E-08,0
ATDRGDKLI,ASSYGHPNEKLF,GILGFVFTL,0.000396371,0
AMREIQGAQKLV,ASSLNLGDRSDEQF,GILGFVFTL,9.87E-06,0
AVRVGQGGKLI,ASSLGTGGNEQF,GILGFVFTL,2.70E-06,0
AVRDNYGQNFV,ASSLRVGSGVGETQY,GILGFVFTL,9.17E-05,0
ILRDDSNSGYALN,ASSQEVGVVTGELF,GILGFVFTL,0.98828685,0
ASLRGSQGNLI,SARGNRGWYEQY,GILGFVFTL,0.1589931,0
AGQGGYQKVT,ASRIPGQAYNEQF,GILGFVFTL,1.08E-06,0
APGGTSYGKLT,ASSLSSFNEQF,GILGFVFTL,0.006378442,0
AGAAGARLM,SVEKAGGRSYEQY,GILGFVFTL,1.98E-05,0
AGAPGTASKLT,ATSDRGPYTQY,GILGFVFTL,0.15294689,0
ALGGGGADGLT,ASSLSVKGNEQF,GILGFVFTL,9.35E-08,0
AMSASDSWGKLQ,ASSLATNYGYT,GILGFVFTL,0.003903627,0
VVHGSSNTGKLI,SADIAVLGEQY,GILGFVFTL,0.9394798,0
AYRVTTEII,SARDRVRKVVDEQF,GILGFVFTL,0.3098248,0
AVAYSSASKII,ASSLSRPFLEPETQY,GILGFVFTL,1.38E-07,0
AGTYGGSQGNLI,ASSMRSTGELF,GILGFVFTL,1,1
IPVGTYKYI,ASSQDQRGDPSTDTQY,GILGFVFTL,1.50E-06,0
AASPFLFGNEKLT,ASGLVQETQY,GILGFVFTL,8.22E-07,0
AENLMDSSYKLI,AISEIGAGYEQY,GILGFVFTL,0.006536067,0
AVRRAGYSTLT,ASSLENGIVYEQY,GILGFVFTL,8.45E-05,0
AMREREGNNRLA,ATQGGGSYNEQF,GILGFVFTL,0.000249416,0
ASGGGADGLT,ASSPDRGNTIY,GILGFVFTL,1.97E-07,0
AYFQGAQKLV,ASRKEGQVAGELF,GILGFVFTL,3.18E-06,0
AGLSGNTGKLI,ASSQDPYGNTEAF,GILGFVFTL,0.011448056,0
VVNMISNYQLI,ASSLDGLNTEAF,GILGFVFTL,3.68E-07,0
ALPWFSDGQKLL,SVVTGPVLYGYT,GILGFVFTL,0.001146764,0
AGALSGSARQLT,ASSQLPVGDSEYEQY,GILGFVFTL,4.93E-06,0
AFMRPQETSGSRLT,ASKTLGGGETQY,GILGFVFTL,1.29E-08,0
AGVGGGSQGNLI,ASSIRSTYEQY,GILGFVFTL,1,1
ADPYGGATNKLI,ASSQNDGGRTD,GILGFVFTL,0.79572767,0
VVSERGGGSYIPT,ASSQIGEGHGDEQF,GILGFVFTL,9.85E-08,0
AYTSGTYKYI,ASSSPTRTGLY,GILGFVFTL,4.85E-08,0
AVSSGTYKYI,ASSGSGVFTGELF,GILGFVFTL,1.49E-06,0
AVQADLMLI,ASSQIGEGHGDEQF,GILGFVFTL,0.000527948,0
PGSYIPT,ASSGSGEQF,GILGFVFTL,4.42E-05,0
AHNTDKLI,ASSWNTGELF,GILGFVFTL,0.004889876,0
AVRDLNAGNNRKLI,ASSVGAGPYEQY,GILGFVFTL,0.20355955,0
AENIRGFSDGQKLL,ASSFVSSYEQY,GILGFVFTL,0.000210941,0
AALFGNEKLT,SVETDYEQY,GILGFVFTL,3.64E-06,0
AVEEEGQNFV,ASQGSRESYEQY,GILGFVFTL,8.06E-05,0
SRDGQKLL,ASSPQNTGELF,GILGFVFTL,0.001447827,0
AVLAGSYQLT,SARSGLAVSYNEQF,GILGFVFTL,0.020778894,0
AASSNTGNQFY,ASSFGQMNTEAF,GILGFVFTL,9.40E-05,0
ANYNQGGKLI,ASSLGQIYGYT,GILGFVFTL,0.001538068,0
ALTHASSGGYQKVT,ASSELVGSSYEQY,GILGFVFTL,0.000460982,0
AVRDSNYQLI,SVEDPPGGSGNTIY,GILGFVFTL,0.000358731,0
AASHNNNDMR,ASSLTAGWENEQF,GILGFVFTL,5.60E-05,0
AAPCFSSNDYKLS,ASSMRSGSEQY,GILGFVFTL,0.9988686,1
APTETGNQFY,ASSSPRDKGYEQY,GILGFVFTL,8.67E-05,0
VVSAMATGFQKLV,ASSYGTQQF,GILGFVFTL,3.60E-05,0
AGLEETSGSRLT,ASSLVGYGYEQY,GILGFVFTL,2.35E-06,0
AMSGRGYQKVT,SADTDLREQY,GILGFVFTL,7.18E-07,0
AVRDNYGQNFV,SARSLTSIQETQY,GILGFVFTL,0.000202149,0
AVQAPNSGYALN,ASIGLSGELF,GILGFVFTL,3.23E-07,0
AVSSPNTGNQFY,ASSQDHDRNRANYGYT,GILGFVFTL,1.78E-07,0
AGADTNAGKST,ASSFPGGGSYEQY,GILGFVFTL,4.05E-06,0
AAFTGGFKTI,AIRGGTEAF,GILGFVFTL,0.001511604,0
ALSGTSGGTSYGKLT,ASSLHSAGKSTDTQY,GILGFVFTL,0.06382388,0
AVRDRWRDDKII,ASSQDQRGSLNIQY,GILGFVFTL,0.000269383,0
ALSYNDMR,SARDNRGPYNEQF,GILGFVFTL,7.86E-05,0
AAGEGADGLT,ASSFDSGNYGYT,GILGFVFTL,0.017143816,0
AMRENNFGNEKLT,ATSGQGAPGETQY,GILGFVFTL,4.83E-06,0
AVRSNFGNEKLT,ASSPTRDLSGNTIY,GILGFVFTL,0.004214585,0
ALNAGGTSYGKLT,ASSLSVYNEQF,GILGFVFTL,1.12E-05,0
AVRDSNSGYALN,ASSFTLTNTEAF,GILGFVFTL,0.005718738,0
LVANNQGGKLI,ASSEGAGNSPLH,GILGFVFTL,1.12E-07,0
AMSGDGFGNEKLT,ASTKSGILGGETQY,GILGFVFTL,4.31E-05,0
VVSGYSGAGSYQLT,SASDGTNEKLF,GILGFVFTL,0.03031063,0
GQGGTYKYI,ASSPTGARGYT,GILGFVFTL,0.000596136,0
AVSPSAGNMLT,ASGQGAGYT,GILGFVFTL,5.85E-07,0
AVRVYFGNEKLT,SVEEPRGQNYGYT,GILGFVFTL,2.01E-07,0
LVVGGYNKLI,ASSPPGAGGRETQY,GILGFVFTL,8.22E-05,0
ALSPGSGGYNKLI,ASSPSSGHTEAF,GILGFVFTL,2.77E-06,0
AGASSNDYKLS,ASSLLGTLWAF,GILGFVFTL,0.9510387,0
LVGEWNNDMR,ASSLLAGQETQY,GILGFVFTL,2.29E-06,0
AVRPSPGGSYIPT,ASSQIGGLGAAETQY,GILGFVFTL,4.95E-06,0
AYRLRTGNQFY,ASSPMTGKSPLH,GILGFVFTL,1.14E-05,0
AYRSPFNFGNEKLT,ASSLTGTSDEQY,GILGFVFTL,0.000127673,0
AVRDGGGGFKTI,ATSRGVTDTQY,GILGFVFTL,2.07E-05,0
AVTPPEYGNKLV,ASSLTGTAYEQY,GILGFVFTL,4.80E-05,1
AVRVDQAGTALI,ASSLGENAGPPSYEQY,GILGFVFTL,1.44E-05,0
AATYTGTASKLT,ASSLAVRDNEQF,GILGFVFTL,1.22E-07,0
AYRTWNSGGSNYKLT,ASTSGVPNTEAF,GILGFVFTL,2.76E-06,0
AETEVNRDDKII,ASSAWAGELF,GILGFVFTL,0.000475675,0
AVDTGGGADGLT,ASSPPFLAGSGSSYEQY,GILGFVFTL,8.56E-06,0
AAHNTDKLI,ASSPAGTEAF,GILGFVFTL,2.24E-06,0
VVTHPSNTGKLI,AINDDVAAGGEQY,GILGFVFTL,0.003573477,0
VVNGNTGGFKTI,ASSVEWAGRLNEQF,GILGFVFTL,1.22E-07,0
AASGNTGKLI,ASTPGLAGWGTDTQY,GILGFVFTL,0.001207382,0
AYRSAHGGSQGNLI,ASSYSNTEAF,GILGFVFTL,0.002509892,0
AVDQGAGKST,SARERSGEYNEQF,GILGFVFTL,1.28E-06,0
AVKSHNQGGKLI,ASSQDPYQGLNTEAF,GILGFVFTL,6.40E-07,0
AVPWPSGSARQLT,ASSLGAYNEQF,GILGFVFTL,8.79E-08,0
LVGPPSNDYKLS,SVIISGGSYNEQF,GILGFVFTL,1.55E-06,0
VVSARARLM,ASSQGTGQTYEQY,GILGFVFTL,4.10E-06,0
ALSGVNYGGSQGNLI,ASSLEGVLEDEQY,GILGFVFTL,9.66E-08,0
AVPRNNNARLM,ASSEDYNEQF,GILGFVFTL,0.000650108,0
AGAQKLV,ASSPRARDSLDYNSPLH,GILGFVFTL,1.21E-06,0
AYSWETSGSRLT,ASSPGTTSNQPQH,GILGFVFTL,0.7202691,0
AVNSGNRDDKII,ASSQDRGGYGTQY,GILGFVFTL,9.95E-07,0
IVKLDAGNMLT,ASSRASGSSYNEQF,GILGFVFTL,1.80E-05,0
AMRFNAGGTSYGKLT,AISESMAGGRKETQY,GILGFVFTL,9.86E-06,0
VVSEARDYKLS,ASSDLGTSLY,GILGFVFTL,5.13E-06,0
ILRRDSNYQLI,ASSYQAGGINEQF,GILGFVFTL,0.007723689,0
AVDTGRRALT,SAGRISDDFSGNTIY,GILGFVFTL,6.63E-07,0
AMRGTDSWGKLQ,ASSFFVVTSGRAVYGANVLT,GILGFVFTL,0.001843244,0
AGPIAGGSQGNLI,ASSMRSTYEQY,GILGFVFTL,1,1
AESTYNTDKLI,ASSPEGDYSGNTIY,GILGFVFTL,0.94229066,0
AVALSGGYQKVT,ASSLRTGQTGELF,GILGFVFTL,5.78E-05,0
AEGWEKLT,ASSPPGRPNEKLF,GILGFVFTL,0.00236249,0
AVRQGDSNYQLI,ASSSTGPGELF,GILGFVFTL,7.12E-07,0
AETFNDYKLS,ASSSGLAGFSTDTQY,GILGFVFTL,0.002006173,0
IVRVVPSGTYKYI,ASSSTPGWNEKLF,GILGFVFTL,1.23E-05,0
AFYTGGFKTI,SASDRLAGEAF,GILGFVFTL,0.16207424,0
AVNSYNTDKLI,ASSSLNASPEAF,GILGFVFTL,5.78E-05,0
ALGSNYKLT,ASSPPPRDEQF,GILGFVFTL,0.000263572,0
VVNGILTGGGNKLT,ASSQAGSSYEQY,GILGFVFTL,2.96E-05,0
AANYGQNFV,ASSPPDSFQETQY,GILGFVFTL,0.24431604,0
GTEWIRDDKII,ASRGEAAGELF,GILGFVFTL,6.00E-08,0
LGYSSASKII,ASSLQGSSNEQF,GILGFVFTL,6.04E-05,0
ALASRLDGQNFV,ASSLGSRATDTQY,GILGFVFTL,0.00026378,0
ILSFQTGANNLF,ASSQSIKHRDGYT,GILGFVFTL,2.49E-08,0
AENNAGNNRKLI,ASSQEDRGWYEQY,GILGFVFTL,9.51E-06,0
AQETGANNLF,ASSPTGARNTEAF,GILGFVFTL,2.11E-05,0
VVNMGGTGGFKTI,ASSQGSQGNGYT,GILGFVFTL,0.00027743,0
AENTPQGSQGNLI,ASRLLAGANTDTQY,GILGFVFTL,0.024568558,0
AFPHVGGYQKVT,ASSPTRDRVLDEQY,GILGFVFTL,3.52E-07,0
VVTDRGSTLGRLY,ASSSGDYGYT,GILGFVFTL,0.104213744,0
ARNYGGSQGNLI,SASTDTQY,GILGFVFTL,0.07068822,0
ALSGTFFGNEKLT,ASGIHLLLETPYNEQF,GILGFVFTL,0.005475372,0
ASRGGATNKLI,ASSPLAGSDYNEQF,GILGFVFTL,9.79E-05,0
AGARSYQLT,ASSVTSGSSYEQY,GILGFVFTL,3.08E-07,0
VVNHQAGTALI,ASSPAGNLYNEQF,GILGFVFTL,1.26E-07,0
APMDSNYQLI,ASSGQGAVETQY,GILGFVFTL,8.40E-07,0
AVRDGQKLL,ASSASRTGVGYGNQPQH,GILGFVFTL,1.11E-05,0
ADIYSGGYQKVT,SVDFRAGLDTGELF,GILGFVFTL,7.80E-07,0
LVGDTGRRALT,ASSYPQGLEQY,GILGFVFTL,1.39E-07,0
GTEGAGNNRKLI,ASSQDRVNEQF,GILGFVFTL,6.89E-07,0
LLTSGTYKYI,AIRHGTGFPGGSYNEQF,GILGFVFTL,1.08E-07,0
AVSDRDAGGTSYGKLT,ASSPYGGGLYEQF,GILGFVFTL,0.07566571,1
APEAGNMLT,ASSPGQGATEAF,GILGFVFTL,0.009061217,0
AVRDYKLS,ASSLEGGTGQETQY,GILGFVFTL,1.54E-06,0
AFMTASGGSYIPT,ASSEPRTGNTEAF,GILGFVFTL,0.011625201,0
AASRGGKST,SAGWGTYEQY,GILGFVFTL,0.001728863,0
AASAVGNNDMR,ASSLEFSFLSTDTQY,GILGFVFTL,2.04E-05,0
LVASSGAGSYQLT,ASSAEFRDAEGEQF,GILGFVFTL,8.38E-08,0
AVNSGNEKLT,ASSGASGGTEQF,GILGFVFTL,0.6634521,0
ILNSNYQLI,ASSEGLAEYNEQF,GILGFVFTL,0.000736773,0
ALANFGNEKLT,ASSFRVTNTGELF,GILGFVFTL,6.48E-07,0
AVGLGKLS,ASSTTYMNTEAF,GILGFVFTL,0.008341491,0
LVGFHSGGGADGLT,ASSVGSGQPQH,GILGFVFTL,0.00075236,0
AEPLYIGGAQKLV,ASSPLPRSSTDTQY,GILGFVFTL,0.07748452,0
GTGGNAGNMLT,ASSYRGADYWGYT,GILGFVFTL,0.000241518,0
AASMYSGGGADGLT,ASLGSSATQY,GILGFVFTL,0.000207752,0
VVEKAAGNKLT,ASSYSTVTDTQY,GILGFVFTL,3.11E-07,0
AYTGGSNYKLT,ASSSTGSQETQY,GILGFVFTL,0.000228047,0
APRRAGSYQLT,ASSLEGTGSGEQY,GILGFVFTL,7.36E-08,0
AVTNARLM,ASRPGTGPLDTGELF,GILGFVFTL,5.04E-07,0
AVRDPGGADGLT,ASSKDSYNEQF,GILGFVFTL,1.17E-06,0
AVPSGNTPLV,AWSVVGPSNYNEQF,GILGFVFTL,1.13E-08,0
AASRHSNTGKLI,ASSLEGVLEDEQY,GILGFVFTL,2.65E-07,0
AMRERRNTGNQFY,SARGQGHIGNEKLF,GILGFVFTL,3.47E-06,0
AVTSDMR,ASSVDRGDGYT,GILGFVFTL,1.36E-05,0
AEDNYGQNFV,SAREDSENEKLF,GILGFVFTL,0.7004599,1
AFINNDMR,ASRTGTGAINEQF,GILGFVFTL,7.76E-07,0
AMVPNPQGGSEKLV,ASSLRSEQF,GILGFVFTL,0.000264943,0
ATVGAGDYKLS,ASSSSGQATNYGYT,GILGFVFTL,1.30E-05,0
AVNIKRAGNQFY,ASSVAGTGSYEQY,GILGFVFTL,6.55E-06,0
ALSEGNNNNDMR,ASSLNRGPSEKLF,GILGFVFTL,4.70E-07,0
AMIPTFGNEKLT,ASSHSRGGLADTQY,GILGFVFTL,2.15E-07,0
AASRDKGSQGNLI,ASSQFGEKLF,GILGFVFTL,0.00680396,0
AASPNNAGNMLT,ASSLAEDPRLDNEQF,GILGFVFTL,3.18E-06,0
AVGNNYGQNFV,ASSPGQGGDYEQY,GILGFVFTL,2.93E-05,0
AYRSSFNNNDMR,SAREGQGTYSNQPQH,GILGFVFTL,0.9630472,0
AASARGGAQKLV,ASSGPGTGDDEQY,GILGFVFTL,4.91E-08,0
AYRLFGEKLT,ASSLGDQPQH,GILGFVFTL,6.17E-06,0
LLQGAGRRALT,ASSDDPRQGSTEAF,GILGFVFTL,5.36E-05,0
ILGMGGNEKLT,AIKRTGTRAEAF,GILGFVFTL,0.001046479,0
AGALGSSNTGKLI,ASSVRSAYTQY,GILGFVFTL,1,1
AVSPDSGGYQKVT,ASSQEAGGFSDTQY,GILGFVFTL,1.55E-05,0
AYLLARQLT,ASSFSGTPIYGYT,GILGFVFTL,2.32E-07,0
AVEASSGGGADGLT,ASSLGDGGGNEQF,GILGFVFTL,0.00917387,0
APMDSNYQLI,ASSGGQGGGTDTQY,GILGFVFTL,3.91E-05,0
AASGDEKLV,ASSLMEKLF,GILGFVFTL,0.29911506,0
AFMNGYGNKLV,ASSLSGRGFFIGNEQF,GILGFVFTL,1.08E-05,0
AARTGTASKLT,ASSLGAGAYEQY,GILGFVFTL,1.65E-05,0
AVNAGSGGYNKLI,ASSAGSRVTSYNEQF,GILGFVFTL,7.80E-07,0
GTEVIEGYQKVT,ASSPAGGVTGELF,GILGFVFTL,0.07425064,0
ALSDDEYGNKLV,ASSQGTGQTYEQY,GILGFVFTL,3.44E-05,0
AFRARVDYGGSQGNLI,ASSPPFLAGSGSSYEQY,GILGFVFTL,1.37E-06,0
ASQGGKLI,ASSPQGQETQY,GILGFVFTL,0.5058983,0
AVSGTYKYI,ASSAPGLAEYEQY,GILGFVFTL,2.63E-07,0
AMTRSGYSTLT,ASSAGTIEAHEQY,GILGFVFTL,6.94E-06,0
AVRQGGSEKLV,ASSQHLGNTEAF,GILGFVFTL,9.02E-07,0
VVDSWGKLQ,ASSQINDEQF,GILGFVFTL,2.06E-05,0
AVANYGGSQGNLI,ASSFPVSTDTQY,GILGFVFTL,0.000907481,0
AYHTGNQFY,ASSYPPLEQY,GILGFVFTL,0.043602645,0
AVEERNYGQNFV,ASSFGQGAAQPQH,GILGFVFTL,0.000134438,0
AMREGGGGSNYKLT,ASSLVLGASTEAF,GILGFVFTL,1.17E-06,0
AVLDESNDYKLS,ASSLTRSYGYT,GILGFVFTL,0.000120961,0
AARNQAGTALI,ASSLEGVLEDEQY,GILGFVFTL,1.47E-06,0
APIYNTDKLI,ASGWQGAYEQY,GILGFVFTL,9.35E-05,0
AVRPAYSGGGADGLT,ASSESLAVNTGELF,GILGFVFTL,1.97E-06,0
AVNGYKLS,ASSPSENYGYT,GILGFVFTL,6.98E-08,0
AGARSYQLT,ASGTRSAQETQY,GILGFVFTL,1.87E-06,0
AGAGWGKFQ,ASSLNPPGGGGKQETQY,GILGFVFTL,2.71E-06,0
AVRPGGSYIPT,ASSLVQGASDTQY,GILGFVFTL,1.60E-07,0
AVRGTNAGKST,ASSLMTGGPANEKLF,GILGFVFTL,0.000796407,0
ALIGFGNVLH,ASSQDFGGGAQPQH,GILGFVFTL,1.87E-07,0
VVSDGNTGFQKLV,ASHSGAQH,GILGFVFTL,1.70E-06,0
AYRSADLFSGGGADGLT,ASSQDLGGGRDEQY,GILGFVFTL,3.05E-05,0
ILRDTSNFNKFY,ASSPTIDRNTEAF,GILGFVFTL,5.66E-05,0
RNNAGNMLT,ASSLGSGYTEAF,GILGFVFTL,1.29E-06,0
AFEDARLM,ASSLPGGPGFSYGYT,GILGFVFTL,1.08E-06,0
AVRIAGGGNKLT,ASRGGNNEQF,GILGFVFTL,0.003623396,0
AVRLGNFNKFY,ASSHPFGT,GILGFVFTL,0.000220299,1
ATDPTYGNNRLA,ASSFLDMNTEAF,GILGFVFTL,2.12E-06,0
AMMGGTSYGKLT,SVEEALGQGDYEQY,GILGFVFTL,4.94E-05,0
AVDVWGGGADGLT,SAREDSYSNQPQH,GILGFVFTL,2.03E-06,0
AENYGGSQGNLI,ASSQIGEGHGDEQF,GILGFVFTL,0.000688523,0
AVRDYGQNFV,SASTGIDT,GILGFVFTL,0.001538426,0
AYSLDRGSTLGRLY,ASSDLAGMGEQF,GILGFVFTL,0.002721399,0
AGYYNTDKLI,ASSEGQDVFSYEQY,GILGFVFTL,1.17E-06,0
ALSEASNTDKLI,ASSQDRGNSYGYT,GILGFVFTL,1.54E-06,0
AVNLDSSASKII,ASRKGTGVTDTQY,GILGFVFTL,2.39E-07,0
LVGGDTGRRALT,ASSQDGAGGLDEQY,GILGFVFTL,1.39E-07,0
AVRGTYKYI,ASRAWEGYT,GILGFVFTL,3.21E-07,0
AEGDNSDTGRRALT,ASSVFGGSGNTIY,GILGFVFTL,0.996521,0
AAMDQAGTALI,ASSVTGAEAF,GILGFVFTL,0.85937035,0
AVSSNDYKLS,ASSQGNGGAF,GILGFVFTL,7.31E-05,0
LVGEARGNNRLA,ASSLTEGRQPQH,GILGFVFTL,4.34E-08,0
AEISYSGAGSYQLT,ASSQDHLAGVNTGELF,GILGFVFTL,1.10E-05,0
AYSWETSGSRLT,ASSLGGGGLNEQF,GILGFVFTL,0.002829969,0
AYRSRTSGTYKYI,ASSPPSGVNEQF,GILGFVFTL,4.89E-07,0
IVRVEVTSYGKLT,ASSQGTNSNQPQH,GILGFVFTL,0.000854462,0
ALSGRDSSYKLI,ASSDPSRPGELF,GILGFVFTL,6.89E-05,0
AVEDNNAGNMLT,ASSVEGGPPLNSPLH,GILGFVFTL,2.16E-06,0
AVQNYNTDKLI,ASSLGTGVYEGQY,GILGFVFTL,7.19E-05,0
AENDSGGYQKVT,ASSQEWGVLAGVPDTQY,GILGFVFTL,0.00103423,0
VVKDGQNFV,ASSLVADYGYT,GILGFVFTL,0.25046328,0
AARNTGSARQLT,ASSQDVTSYGYT,GILGFVFTL,1.54E-06,0
AGARSYQLT,ASSIRGREQY,GILGFVFTL,7.92E-08,0
ATLSDGQKLL,ASSYTGLNEKLF,GILGFVFTL,2.01E-06,0
AASPTGFQKLV,ASSLAVGGDYGYT,GILGFVFTL,2.02E-05,0
VVRYSTLT,ASSADSIGSGNTIY,GILGFVFTL,1.29E-05,0
APGGSQGNLI,ASSQDDRGTYTDTQY,GILGFVFTL,0.06350458,0
VVNWYNAGNMLT,ASSSTGEGNQPQH,GILGFVFTL,5.46E-07,0
GVRSNDYKLS,ASSQDGASTDTQY,GILGFVFTL,7.55E-06,0
AVPQGNTDKLI,ASSDQLLYEQY,GILGFVFTL,1.50E-06,0
AGGNARLM,ASSFERDTDTQY,GILGFVFTL,0.086251706,0
APHTDKLI,ASSLAGSRVTGELF,GILGFVFTL,0.000710726,0
AGAYGGSQGNLI,ASSSRSTGELF,GILGFVFTL,1,1
AGPWGNKLV,ASSPSVDEQY,GILGFVFTL,1.47E-07,0
AVDGINTGTASKLT,ASSSSTGLQEQY,GILGFVFTL,5.70E-08,0
AGARSYQLT,ASSLEGVLEDEQY,GILGFVFTL,1.29E-08,0
ILRRREYGNKLV,ASTEAGRGNEQF,GILGFVFTL,0.011620462,0
AYRSAFRGAQKLV,ASSPGTGPYEQY,GILGFVFTL,6.56E-09,0
AVLEYGNKLV,ATRTTGGFKNIQY,GILGFVFTL,2.65E-08,0
AASTGKLI,ASSSGPPKGH,GILGFVFTL,1.00E-06,0
AMIPNFNKFY,AISPTGRGGELF,GILGFVFTL,1.46E-07,0
ALNTGGFKTI,ASSRSGDYNEQF,GILGFVFTL,8.34E-05,0
ATLPVNDYKLS,ASSEGVTDTQY,GILGFVFTL,0.000169188,0
AASWAGNMLT,ASRPPGQGILETQY,GILGFVFTL,1.02E-05,0
AYRSPWNTGNQFY,SARDMSGGELNEQF,GILGFVFTL,0.045206726,0
ALYNTDKLI,ASSSTSGSVYEQY,GILGFVFTL,0.98416185,1
AVKGFGNVLH,ASSDTRTGGALGNQPQH,GILGFVFTL,3.72E-08,0
AGPDQTGANNLF,ASSLYRQGTDTQY,GILGFVFTL,0.009225279,0
AVEKVVARLM,ATSEWGTGTDTQY,GILGFVFTL,3.24E-06,0
APMDSNYQLI,SAMSRDPYNEQF,GILGFVFTL,0.000540108,0
VVNRDSNYQLI,ASSLGRAYEQY,GILGFVFTL,0.000376314,0
AFISGTYKYI,AWSDTGAEQPQH,GILGFVFTL,1.42E-07,0
AGLSNTGNQFY,ASSYSFSGGTYEQY,GILGFVFTL,0.009722531,0
AVDSGTYKYI,ASSSLAGGRETQY,GILGFVFTL,2.14E-07,0
VYSGGGADGLT,ASSLQGSEQF,GILGFVFTL,1.89E-05,0
AVKSGATNKLI,ASSLGPTTAAGYNSPLH,GILGFVFTL,4.41E-07,0
AERGHGQNFV,ASSLSSYEQY,GILGFVFTL,4.84E-05,0
AFRDNYGQNFV,ASRTGTGGYDTEAF,GILGFVFTL,5.25E-07,0
AMRAAYSGAGSYQLT,SVDGQGAPYEQY,GILGFVFTL,0.000173897,0
AVARDDKII,ASSQGTVTPTEAF,GILGFVFTL,1.66E-06,0
AGNSRAGRRALT,ASSSGTGPYNEQF,GILGFVFTL,4.39E-07,0
AYSWETSGSRLT,ASREGIGDNTEAF,GILGFVFTL,6.21E-05,0
AARGR,ASSPGGDQETQY,GILGFVFTL,8.18E-05,0
ALSDHNARLM,ASSSDRSSGNTIY,GILGFVFTL,0.006175458,0
GADIGGTSYGKLT,ASSYRRDSFGTNEQF,GILGFVFTL,2.94E-08,0
AVKGGSYIPT,ASSQARNTEAF,GILGFVFTL,8.92E-08,0
ARNRDDKII,ASRSGTEDYGYT,GILGFVFTL,0.000394106,0
AESGNQFY,ASSPGLGGDTQY,GILGFVFTL,2.23E-06,0
AYRSGSGGSNYKLT,AISEKASGGPRETQY,GILGFVFTL,1.39E-06,0
VVNRTRNFNKFY,ASSSQAVSGFEYEQY,GILGFVFTL,7.27E-08,0
AEIPNYGGSQGNLI,SVEDRPLAAGDNEQF,GILGFVFTL,0.03791395,1
AFMMRETSGSRLT,ASSVDSYSGNTIY,GILGFVFTL,3.03E-05,0
AGNNNNDMR,ASSYGIPGYNEQF,GILGFVFTL,0.88736963,0
AYSWETSGSRLT,SVEVLLNLALYNEQF,GILGFVFTL,0.033497572,0
AVWDGNKLV,ASRVASGWSTDTQY,GILGFVFTL,6.86E-06,0
AMREGFKTDKLI,ASSLVSRGEAF,GILGFVFTL,1.12E-08,0
LVGPPYSSASKII,SARHSLQGDYGYT,GILGFVFTL,5.04E-05,0
AGTNTGNQFY,ASSPCTSGGYNEQF,GILGFVFTL,0.16394636,0
LLGESGGSNYKLT,ASSLKRTGTSGSQVYNEQF,GILGFVFTL,0.001813382,0
AVEGDPGGSYIPT,ASSLEDFYEQY,GILGFVFTL,1.97E-06,0
ALSPLLNAGGTSYGKLT,ASSSSPDRAFYGYT,GILGFVFTL,2.11E-06,0
AQALGGGADGLT,ASSLQGPSEQY,GILGFVFTL,1.57E-06,0
AHRGSQGNLI,ASSLMGPGTDTQY,GILGFVFTL,9.66E-05,0
ATDERFNNAGNMLT,ASSVNRVFSTDTQY,GILGFVFTL,2.10E-05,0
AMSAGTGGFKTI,ASSLRQTPSTDTQY,GILGFVFTL,3.59E-08,0
ALRTDGYGQNFV,ASSLRGSSYNEQF,GILGFVFTL,7.28E-07,0
AVKGGKST,ASSQGQHEETQY,GILGFVFTL,4.69E-06,0
AAVSGTSYGKLT,ASSQGTGRYEQY,GILGFVFTL,1.58E-05,0
AVRLMGAGSYQLT,ASSSGTGGREEKLF,GILGFVFTL,0.000522018,0
ALATSGTYKYI,ASSHPATSGDTDTQY,GILGFVFTL,3.36E-08,0
ASRDNFNKFY,SARVLRGEATNEKLF,GILGFVFTL,2.84E-07,0
AVPDYGQNFV,ASSLEGGYTDTQY,GILGFVFTL,7.08E-06,0
APNYGQNFV,ASSLSAGGGDTIY,GILGFVFTL,0.000456482,0
ALRDYGGATNKLI,ASSERRAIQETQY,GILGFVFTL,1.96E-07,0
ALVDSSYKLI,SADQGVSTEAF,GILGFVFTL,3.57E-08,0
AFMKQGVSGTSYGKLT,SPNPFDGIPGTQY,GILGFVFTL,0.000245839,0
AVYVVNTGFQKLV,ASSPTGTPSYNEQF,GILGFVFTL,6.36E-05,0
AVIGDDKII,ASRVGQGSTGLYNEQF,GILGFVFTL,0.9882024,0
VTGGFKTI,ASSPSPGTAYEQY,GILGFVFTL,2.41E-06,0
AVPPSYNTDKLI,ASSPTGGYTEAF,GILGFVFTL,1.74E-07,0
AYRSPWGTDKLI,ASSSRTGQETQY,GILGFVFTL,0.21401459,0
ASRGTDKLI,SVWLTNTGELF,GILGFVFTL,6.80E-06,0
AVVGSGSRLT,ASSFGGDTEAF,GILGFVFTL,0.002754659,0
AASMDSNYQLI,ASSPPGTGETQY,GILGFVFTL,1.65E-07,0
APRSNTGKLI,ASSLAQGYYGYT,GILGFVFTL,7.69E-06,0
VVNHLFSGGYNKLI,ASSPTSGGGDTQY,GILGFVFTL,6.58E-08,0
AASRAGGGNKLT,AIRGLAGVRDEQF,GILGFVFTL,4.10E-07,0
AVPETTSGTYKYI,ASSGHGVTHNTGELF,GILGFVFTL,0.001827806,0
AARSGGNKII,SARDRVTGELF,GILGFVFTL,0.6108434,0
AVEEVDTGRRALT,ASSLGDGGGNEQF,GILGFVFTL,7.35E-06,0
AERGGYQKVT,ASSASAGTANTGELF,GILGFVFTL,4.82E-06,0
AVQAVQGGKLI,ASSEKGGPYQETQY,GILGFVFTL,1.04E-05,0
AAGSGGYQKVT,ASSQGDRVVSGSPLH,GILGFVFTL,0.000143707,0
AFMATYKYI,ASSQPTGTGALSTDTQY,GILGFVFTL,4.96E-06,0
ALSGYSSASKII,ASSEEPRLDKGKYGYT,GILGFVFTL,0.00145492,0
AVNDARLM,ASSPIAAGGTGELF,GILGFVFTL,0.002157152,0
AMREGESNFGNEKLT,ASSLATGSLGTNEKLF,GILGFVFTL,0.9354057,0
VVNIGAGKST,ASSQDHSEQY,GILGFVFTL,0.31269962,0
AVGAENTGGFKTI,ASSKGTSTNEKLF,GILGFVFTL,1.91E-05,0
AASTQGGSEKLV,ASRFYTSNSPLH,GILGFVFTL,4.55E-06,0
GAEGGKLV,ASSLATGTDSNQPQH,GILGFVFTL,0.000755399,0
VVSLMEYGNKLV,ASSEGGPDSPLH,GILGFVFTL,2.47E-06,0
AFMKLDSSYKLI,ASSLPLGFTYEQY,GILGFVFTL,1.78E-05,0
VVNDNNDMR,ASSWGGQGYT,GILGFVFTL,0.000190735,0
AMSTGYSTLT,ASSLEWLNTEAF,GILGFVFTL,1.43E-05,0
ATEMDFGNEKLT,ATSRLAGEEQY,GILGFVFTL,0.003248006,0
AVGQAGTALI,ASRTVKFLYGYT,GILGFVFTL,1.33E-07,0
GTGPKI,ATSDSGDSSYEQY,GILGFVFTL,6.39E-07,0
GTAALYGATNKLI,ASSVDGRQTKNIQY,GILGFVFTL,6.73E-07,0
AVSPNTGNQFY,ASSAGPDRTYEQY,GILGFVFTL,1.64E-07,0
AASVNQGGKLI,ASSQGPNYEQY,GILGFVFTL,4.78E-05,0
VVKGWHSGGGADGLT,SAQILGQSSYEQY,GILGFVFTL,3.05E-05,0
LVVTENQGGKLI,ASSLAAGGPTDTQY,GILGFVFTL,1.25E-07,0
AFMKNDMR,ASSLYQGEVDTQY,GILGFVFTL,1.08E-07,0
AVNRAGGFKTI,ASSPPSGGYNEQF,GILGFVFTL,0.000172645,0
AGGGDSNYQLI,ASSLSRNYGYT,GILGFVFTL,2.99E-05,0
AVSRKAAGNKLT,SVEVRYNEQF,GILGFVFTL,3.82E-05,0
AAQNFGNEKLT,ASSAETDTDTQY,GILGFVFTL,5.72E-06,0
AYIGGSQGNLI,SARDIGLAGEVSTDTQY,GILGFVFTL,0.001500189,0
AVHGSGNTGKLI,ASKGQGLSEQF,GILGFVFTL,0.007864744,0
ASRDNFNKFY,SVEEAGELF,GILGFVFTL,1.64E-05,0
GLTGANSKLT,ASSLGSSGEAF,GILGFVFTL,1.61E-06,0
VGSGKLI,SARSHPTYEQY,GILGFVFTL,0.12717745,0
AVKGITGGGNKLT,ASSPPARVQY,GILGFVFTL,0.00011931,0
AVRGVGAAGNKLT,ASSLDGVDTQY,GILGFVFTL,1.90E-06,0
AVRGSNYQLI,ASSTGVDTQY,GILGFVFTL,1.49E-06,0
VVSGYSTLT,ASSLGGTGGYT,GILGFVFTL,4.35E-05,0
AESKPHNYGQNFV,ASSQRGGDTEAF,GILGFVFTL,0.0004327,0
AVTGSQGNLI,ASSIRSSYEQY,GILGFVFTL,1,1
ALSADRGSTLGRLY,ASSTSSGTGELF,GILGFVFTL,1.34E-05,0
AVRSNTGFQKLV,ASSDPPFTQETQY,GILGFVFTL,0.0115906,0
AAQGRYSTLT,ASTATSGGGETQY,GILGFVFTL,9.25E-08,0
ALSEALDNNDMR,ASSPIPGQPLH,GILGFVFTL,5.86E-07,1
ATVGGTGANNLF,ASSPLVDTQY,GILGFVFTL,0.07354158,0
AEIESDKLI,ASSEPFTRQGQETQY,GILGFVFTL,8.34E-06,0
AGIEEGAGSYQLT,ASSAPGGAGYEQY,GILGFVFTL,1.59E-05,0
AGGSTGFQKLV,ASGPRELTSTDTQY,GILGFVFTL,0.04205501,0
AFTGNQFY,ASSPEWGLGTDTQY,GILGFVFTL,5.61E-05,0
AVTGANNLF,ASSQDPGKYGYT,GILGFVFTL,0.000109236,0
AVRDGNDYKLS,ASTPIGAGY,GILGFVFTL,0.000191718,0
VVSISGGSYIPT,ASSPDTIQETQY,GILGFVFTL,1.70E-06,0
AMSRPATTDSWGKLQ,ASSQGGGGTTEAF,GILGFVFTL,0.13339737,0
ATDNTNAGKST,ASSPGEKLF,GILGFVFTL,3.64E-07,0
AFTYNNNDMR,ASSQETGQYTQY,GILGFVFTL,0.000127673,0
AVQAREVAGGTSYGKLT,ASRLWVATEAF,GILGFVFTL,0.088572204,0
ATDAVEYGNKLV,ASSHRSGGPYNEQF,GILGFVFTL,6.34E-06,0
AVMDSNYQLI,ASSELAGGTDTQY,GILGFVFTL,0.000143707,0
AGEGDSNYQLI,ASSTRNGDRGGTYNEQF,GILGFVFTL,0.004066616,0
ALQSPLGDYKLS,ASSLAGYEQY,GILGFVFTL,1.49E-07,0
AENHSGGTSYGKLT,ASSLRSGLGEQY,GILGFVFTL,0.97586584,0
ATVPTDSWGKFQ,ASRAGGGVHNEQF,GILGFVFTL,0.00058654,0
AFNYQLI,ASSSKGLAGVYEQY,GILGFVFTL,1.26E-06,0
AVYSNTGKLI,ASSVQGATEAF,GILGFVFTL,0.85904443,0
AFPGLGANNLF,SARVPQIQETQY,GILGFVFTL,1.09E-07,0
AVPDSSASKII,ASSYQDSDTEAF,GILGFVFTL,0.049792707,0
AVRPPNQAGTALI,ASSPGGGLFTDTQY,GILGFVFTL,0.000174642,0
ALFGWNQGGKLI,ASSDPGLAGGRNTGELF,GILGFVFTL,0.08825296,0
AASRDYKLS,ASSLISGGNQPQH,GILGFVFTL,4.58E-07,0
AVEYGNKLV,SARDGVAGAYEQY,GILGFVFTL,0.001347423,0
AADYNYGQNFV,AISETGQPPNEKLF,GILGFVFTL,5.15E-05,0
AAISYGSGNTGKLI,ASSLGEVGELF,GILGFVFTL,0.000484467,0
ACSGTYKYI,ASSFTDSYEQY,GILGFVFTL,6.95E-06,0
AVRVSARQLT,ASSVGGETQY,GILGFVFTL,9.80E-07,0
AESPPTGANNLF,SANNLQGAMNSPLH,GILGFVFTL,0.000940383,1
AARDDKII,ASTVPGTGNYGYT,GILGFVFTL,8.71E-08,0
ARTGGGNKLT,ASSATTGAHEQY,GILGFVFTL,0.000443369,0
AVREDSNYQLI,ASSHRDNYGYT,GILGFVFTL,8.43E-07,0
AGAGETSGSRLT,ASGSGVSYNEQF,GILGFVFTL,0.000567168,0
AASGSKGEYGNKLV,ASSFGTTAVNTEAF,GILGFVFTL,0.032360703,0
ALNMDSSYKLI,ASSSSHGTPKANTGELF,GILGFVFTL,0.000940859,0
LVLGGSNFGNEKLT,ASSLSLGYGYT,GILGFVFTL,3.00E-07,0
VVNSGTYKYI,ATSTPDTYEQY,GILGFVFTL,1.25E-07,0
AVKGGKLI,ASSLSDRGPNSPLH,GILGFVFTL,8.76E-07,0
AVMMDSSYKLI,ATSGGTTDTQY,GILGFVFTL,2.05E-05,0
AVNPQLM,ATSDTGTGLDTQY,GILGFVFTL,3.72E-05,0
AVIMDSNYQLI,ASSQSTGDQNSPLH,GILGFVFTL,1.69E-06,0
AASFYTGTASKLT,ASSQSVYNEQF,GILGFVFTL,0.017412513,0
ALMEYGNKLV,ASSQGQGRYEQY,GILGFVFTL,2.49E-06,0
AVNDFNKFY,ASSLAEAGWLTEAF,GILGFVFTL,0.000834584,0
AVRRVNQGGKLI,ASSEGTAVGKNIQY,GILGFVFTL,1.62E-07,0
VVSDRGSTLGRLY,ASSVSGDPYNEQF,GILGFVFTL,3.15E-06,0
AASGGGSQGNLI,ASSQDAGPRVGSGELF,GILGFVFTL,0.9501692,0
AYSWETSGSRLT,SARDIGDSNQPQH,GILGFVFTL,4.36E-05,0
GADIRWGGNFGNEKLT,ASSPNTERDDNEQF,GILGFVFTL,2.35E-05,0
AFRTAGNMLT,ASSIWPAGNQPQH,GILGFVFTL,4.83E-07,0
AVAHDKYI,SVGVENTEAF,GILGFVFTL,2.19E-05,0
AYRSGNNNDMR,ASSQGSTGYYEQY,GILGFVFTL,9.45E-06,0
ALSGLAAGNKLT,ASSQDLGSFYGYT,GILGFVFTL,2.99E-07,0
ALLGDYKLS,ASSLGSYEQY,GILGFVFTL,5.20E-06,0
ALTGGGNKLT,ASSVGLASYEQY,GILGFVFTL,0.017573088,0
AGLGANSKLT,ASMWRGAWAGELF,GILGFVFTL,1.78E-05,0
VARVSQGNLI,ASSSGELF,GILGFVFTL,3.84E-06,0
AVQANQAGTALI,ASSPPEGWGTTEAF,GILGFVFTL,8.26E-07,0
AVHPPRDSGGYQKVT,ASSYSSGGGENEQF,GILGFVFTL,3.86E-06,0
AYRSPQGGSEKLV,ASSHADQGLAKNIQY,GILGFVFTL,1.23E-05,0
AVRERGFQKLV,ASSQVFGTPTPQH,GILGFVFTL,0.001101166,0
ARDTGRRALT,ASSSEFLGGNIQY,GILGFVFTL,2.68E-05,0
AYFGNEKLT,ATSDAADSGELF,GILGFVFTL,8.40E-07,0
LVGETSGSARQLT,ASSHYGSYEQY,GILGFVFTL,2.57E-07,0
VSMDSNYQLI,ASSYPGQGEVNEQF,GILGFVFTL,0.001592845,0
GADKRGGFGNVLH,ASSEAGLVYADTQY,GILGFVFTL,1.26E-06,0
ATDAGNQFY,ASSQVFGTPTPQH,GILGFVFTL,0.58234864,0
GTVESGGYQKVT,ASRSGWTGELF,GILGFVFTL,0.000192016,0
LVGPIYNQGGKLI,ASSPLDVIQTHSYEQY,GILGFVFTL,1.35E-07,0
AVGISNFGNEKLT,ASSLGALAAAYEQY,GILGFVFTL,1.45E-05,0
AAFYGGATNKLI,ASSLLGGSTNYGYT,GILGFVFTL,0.80417776,0
AGVSGNTPLV,ASSQEESGGTYEQY,GILGFVFTL,2.99E-07,0
AETENQGGKLI,SARDEVQGNTEAF,GILGFVFTL,0.002103597,0
AASPITGNQFY,ASSLANEQF,GILGFVFTL,1.16E-06,0
AYRSPPSGTYKYI,ASSKRGGIGELF,GILGFVFTL,0.01633811,0
ALSEAPGNTPLV,ASSSRRGPGELF,GILGFVFTL,0.043085694,0
AAGDDYKLS,ASRTTDSVATNEKLF,GILGFVFTL,9.50E-07,0
AYSWETSGSRLT,ASSWDHSGANVLT,GILGFVFTL,4.57E-05,0
ILRGGSNFGNEKLT,AISWDYYEQY,GILGFVFTL,7.48E-07,0
VVPSPVGGSYIPT,ASSPSSGREHYEQF,GILGFVFTL,0.003409922,0
AASMYNQGAQKLV,ASSLVSLGPYYGYT,GILGFVFTL,0.1227006,0
AAGAQKLV,ASSPYDGPNYGYT,GILGFVFTL,3.46E-06,0
AGTPSNTGKLI,ASSIRASYEQY,GILGFVFTL,1,1
ANFGNEKLT,SARTTRDRNTGELF,GILGFVFTL,5.08E-05,0
AYSDRGSTLGRLY,ATSRDLTRDRGYGYT,GILGFVFTL,8.52E-07,0
ADTPIISGGYNKLI,ASSYLGLADNEQF,GILGFVFTL,6.15E-05,0
AYRALGTGNQFY,ASSLLIGQGDPEAF,GILGFVFTL,0.00243187,0
GTEGAGNNRKLI,ASSQDRATYNEQF,GILGFVFTL,2.42E-05,0
AVLTDSWGKLQ,ASSAKDRGLPGELF,GILGFVFTL,0.000652999,0
AVKNDMR,ASSGELARQETQY,GILGFVFTL,5.50E-06,0
AVERRDDKII,ASSARVEQY,GILGFVFTL,1.63E-06,0
AAVPFY,ASSNNNEQF,GILGFVFTL,3.98E-07,0
AFMIPNSFGNEKLT,ASSELLGQGSHEQF,GILGFVFTL,4.89E-07,0
ILRDLESGYALN,ASSDRQGMSREAQY,GILGFVFTL,3.09E-07,0
ALSAAGGTSYGKLT,ASSSVRDTQY,GILGFVFTL,3.21E-05,0
LVGSGYSTLT,ASSYIRDREETQY,GILGFVFTL,2.12E-08,0
AVQRSNDYKLS,ASSLGNRGSAYEQY,GILGFVFTL,7.88E-06,0
AFMMSGAGSYQLT,ASSKPTGGNTEAF,GILGFVFTL,1.23E-05,0
AVEAGTALI,ASSLGGRGDTQY,GILGFVFTL,6.41E-08,0
AMREGMWNSGGGADGLT,ASSSSQTGGSGNTIY,GILGFVFTL,0.000499249,0
AFPEAAGNKLT,ASSPSTSGYEQY,GILGFVFTL,1.46E-05,0
AVERGNNRLA,ASSPPGQGENSPLH,GILGFVFTL,6.25E-07,0
AVPGNTPLV,ASSVGGGTEAF,GILGFVFTL,2.44E-05,0
AVGDYKLS,ASSLSINSYEQY,GILGFVFTL,0.00012365,0
ALSEISGGGADGLT,ASSQERLAGALYNEQF,GILGFVFTL,0.103447825,0
AMREEDSNYQLI,ASSHSPALGNEQF,GILGFVFTL,0.000215858,0
AYRSGNQFY,ASSIDIMGTNTEAF,GILGFVFTL,0.000491977,0
AASASRTDVKTSYDKVI,ASSYVLGETQY,GILGFVFTL,0.000179142,0
AERGDTGRRALT,ASSQDTVPPFTGELF,GILGFVFTL,7.72E-06,0
AEISQAGTALI,ASSLLGGSTEAF,GILGFVFTL,0.004186511,0
AGYNAGNNRKLI,ASTLGGPNTEAF,GILGFVFTL,2.48E-05,0
AAISSGGYNKLI,ASSLLGGSTNYGYT,GILGFVFTL,0.000150085,0
AVRDDKII,ASSLVWAGVISPLH,GILGFVFTL,2.28E-07,0
AVRDSNYQLI,ASSMKNTGELF,GILGFVFTL,2.30E-05,0
AVEDLGDFGNEKLT,ASSFVDTGELF,GILGFVFTL,5.43E-08,0
ANFGNEKLT,SARGEGSFTGELF,GILGFVFTL,6.97E-07,0
AASESGGYNKLI,ASSSTLAGSYNEQF,GILGFVFTL,6.03E-07,0
ILSPGGNYQLI,ASSPGQAGYQPQH,GILGFVFTL,9.62E-06,0
AGGSQGNLI,ATSEGGTTNEQF,GILGFVFTL,0.010332733,0
AVRGSGGYNKLI,ASSLKIGHQPQH,GILGFVFTL,0.022173166,0
VDSGGYQKVT,ASRIQGASGNTIY,GILGFVFTL,3.27E-06,0
AACRSQGNLI,ASSLSVGGYGYT,GILGFVFTL,0.5558654,0
ANRGSTLGRLY,ASSLLGGTESNEKLF,GILGFVFTL,0.000294775,0
ARSDGQKLL,ASSLGDHATSRDYNEQF,GILGFVFTL,1.13E-05,0
ALLNFGNEKLT,ASSFPTSGGATTNEQF,GILGFVFTL,2.62E-07,0
ALPPMNRDDKII,SARARATQDLLAKNIQY,GILGFVFTL,0.02431941,0
VVSLNYGGSQGNLI,ASSLSQGPAANYEQY,GILGFVFTL,1.11E-07,0
ALSDLSVYNFNKFY,STQELVTYEQY,GILGFVFTL,3.98E-07,0
AATETSYDKVI,ASSSTGPGNQPQH,GILGFVFTL,1.25E-05,0
AMSAEGAGNNRKLI,ASSPRTPEETQY,GILGFVFTL,0.003799081,0
AYSWETSGSRLT,ASSDDRASGNTIY,GILGFVFTL,3.13E-05,0
LVGDWASGTYKYI,SARESQAGLNSPLH,GILGFVFTL,1.51E-07,0
AEIPPQKSDKII,ASSPQFLSNYGYT,GILGFVFTL,0.001036316,0
AYTSGSTLGRLY,ASSFSGTMSYEQY,GILGFVFTL,1.58E-06,0
AVSPYMEYGNKLV,ASSLGRYEQY,GILGFVFTL,3.19E-07,0
VVSLEYGNKLV,SARDLLQRGGPYNEQF,GILGFVFTL,4.04E-05,0
AFMNPTSGTYKYI,ASSLGPVEAF,GILGFVFTL,1.29E-05,0
VVFQTGANNLF,ASSVEGTYNEQF,GILGFVFTL,1.00E-06,0
VVSLIGFGNVLH,ASRDEGVNALGEQY,GILGFVFTL,1.25E-06,0
AVRDSNYQLI,ASSQESGTGSEKLF,GILGFVFTL,0.000402182,0
ILLGNQFY,ASSLADGPVEAF,GILGFVFTL,0.001620323,0
AVPWPSGSARQLT,ASSVGRGGDEQY,GILGFVFTL,1.18E-07,0
GGRGSNYKLT,SAVPGTSAVVEQF,GILGFVFTL,0.00233081,0
VVNTYTGGGNKLT,ASSQDNDGGLYNEQF,GILGFVFTL,0.000750244,0
AASFGNQFY,ASSLGGSYEQY,GILGFVFTL,1.50E-05,0
AYRSAGDSWGKLQ,ASKSTQSTPLH,GILGFVFTL,4.60E-06,0
AVRFSGYSTLT,ASSWEAGYT,GILGFVFTL,1.56E-07,0
IDDRGSGGSQGNLI,ASSLSRANEQF,GILGFVFTL,0.00191173,0
AVLSDSSYKLI,ASSQGTGYGYT,GILGFVFTL,1.81E-05,0
LVGDWGTGGGNKLT,ASSVTSGELYNEQF,GILGFVFTL,0.001693994,0
AATLYDKVI,SAPETGWGETQY,GILGFVFTL,1.49E-06,0
AERDSWGKFQ,ASSYGALAVVETQY,GILGFVFTL,0.8209207,0
AGQNDYKLS,SARIFGVVGNEQF,GILGFVFTL,7.82E-06,0
GTENGYALN,SVLGLAGGIYNEQF,GILGFVFTL,0.002633631,0
AYMPGTASKLT,ASSVRLAGSYNEQF,GILGFVFTL,0.000498027,0
AMREPGGSNYKLT,ASSYGAAVGSPLH,GILGFVFTL,6.87E-06,0
AGSPGYSSASKII,ASSPPTGTNYNEQF,GILGFVFTL,0.000139236,0
AYYGGSQGNLI,SASRYQGWGEQY,GILGFVFTL,0.000299901,0
AVPLSAGGTSYGKLT,SVEVTRTSSYEQY,GILGFVFTL,3.55E-06,0
AVSDIPKYTGANSKLT,ASSQELTSGSLYYEQY,GILGFVFTL,0.16209164,0
APYTGGGNKLT,ASSYTGVFYNSPLH,GILGFVFTL,7.57E-06,0
AYNEGDMR,ASRPQGLGKNIQY,GILGFVFTL,1.75E-05,0
LLGERDSGAGSYQLT,ASSYSVSTEAF,GILGFVFTL,5.25E-05,0
VVDTGGFKTI,ASSLEGGARNGYT,GILGFVFTL,0.000114196,0
AVRPNPWGGADGLT,ASSPDRAYGYT,GILGFVFTL,9.51E-06,0
AMSGANSKLT,ASMDSYNEKLF,GILGFVFTL,0.000736207,0
AVSPLGGSQGNLI,ASSIRSSYEQY,GILGFVFTL,0.9986848,1
AYSWETSGSRLT,ASSPPFLAGSGSSYEQY,GILGFVFTL,6.00E-05,0
AVRSTGKLI,ASSPTDSNQPQH,GILGFVFTL,0.001715303,0
AEIANFGNEKLT,ASSQDPTASSYEQY,GILGFVFTL,0.000775278,0
ATDAIPSNTGKLI,ASSPPFLAGSGSSYEQY,GILGFVFTL,0.002044261,0
ATDSGYSTLT,ASMASGFSYNEQF,GILGFVFTL,1.75E-06,0
AVSPVGATNKLI,ASSLGPSSYNEQF,GILGFVFTL,6.92E-05,0
ARSEGAGTALI,ASARTSGPKSTLGEYNEQF,GILGFVFTL,9.38E-08,0
AFMDSNYQLI,ASSRLAGSTDTQY,GILGFVFTL,8.83E-07,0
GTELYSGGGADGLT,ASSLGPPQLSYNEQF,GILGFVFTL,0.000407368,0
AYRSNGNQFY,SARIPGGAWYEQY,GILGFVFTL,3.71E-05,0
AAINFSGGYNKLI,ASSGGFGYT,GILGFVFTL,0.016478688,0
AVRDGGGGYNKLI,ASSSKQGMATEAF,GILGFVFTL,0.00053668,0
AGAGGGSQGNLI,ASSARSADTQY,GILGFVFTL,1,1
AVSVEGNNNARLM,ATSARWGGNTEAF,GILGFVFTL,6.13E-05,0
AASIGSGANSKLT,ASSLDLTYEQY,GILGFVFTL,6.43E-06,0
AFMKQNYGQNFV,ASSPGTANTEAF,GILGFVFTL,0.001279116,0
AAPNFGNEKLT,ASGLVVLAGGYCEQF,GILGFVFTL,0.000372052,0
AGSSGSARQLT,ASSTPLEGETGELF,GILGFVFTL,8.01E-08,0
AVDKGYGGATNKLI,AIGGDSAYEQY,GILGFVFTL,3.28E-08,0
AVLDTGRRALT,ASRSQRGPGDTQY,GILGFVFTL,0.000219613,0
AVPMDSNYQLI,ASSFPTSGGATTNEQF,GILGFVFTL,6.44E-08,0
AGVPNEKLT,ATIRDRGIRYYNEQF,GILGFVFTL,2.66E-08,0
AVQALRDDKII,ASNPGGPGTEQY,GILGFVFTL,6.65E-06,0
AASGSSNQFY,ASSQAGGLAPTGELF,GILGFVFTL,0.013808042,0
AVGAKYGSNYQLI,ASSLDGYTGELF,GILGFVFTL,7.50E-06,0
AFTYNNNDMR,ASSQETGSYTQY,GILGFVFTL,0.000184804,0
GADETSGTYKYI,SVGSGEGYEQY,GILGFVFTL,0.000111469,0
AASMGNQFY,ASSDGGWVGYT,GILGFVFTL,1.08E-05,0
AESIPSASKII,SARDPVYSGESSYEQY,GILGFVFTL,5.03E-07,0
ASRDNFNKFY,ASSIRGAEAF,GILGFVFTL,0.006969839,0
AEPSHRRMR,ASSHVGATVGERAIY,GILGFVFTL,1.04E-06,0
AYRSGNGGSQGNLI,ASSVDAGSYEQY,GILGFVFTL,0.003426671,0
AVRDKGGTASKLT,ASSLAGVDTQY,GILGFVFTL,8.28E-05,0
AGREDNNNDMR,ASSYSDGLYEQY,GILGFVFTL,4.94E-06,0
AETDGFQKLV,ASSPIGDRGPDTQY,GILGFVFTL,3.35E-06,0
AVRGITQGGSEKLV,ASSLKGTIMDT,GILGFVFTL,2.62E-06,0
AMREPYGNQFY,ASSGLRGGYSNQPQH,GILGFVFTL,0.83202803,0
ATDMGAGNMLT,ASSAWASTNTGELF,GILGFVFTL,3.70E-08,0
AVRPNNARLM,ASSEAPSGLRTYEQY,GILGFVFTL,2.74E-06,0
AVSPNRDDKII,ASSLSTNSGEQY,GILGFVFTL,3.59E-08,0
AYSWETSGSRLT,ASSLIGGLGGYGYT,GILGFVFTL,7.32E-05,0
VVSGGSNDYKLS,SAELSLETSGEQY,GILGFVFTL,5.31E-06,0
AASSRSYNTDKLI,ASSQEPGDWQYEQY,GILGFVFTL,2.74E-06,0
AVLNAGKST,ACCRSGSNYGYT,GILGFVFTL,0.3973555,0
VVNIPSAARLM,SARGEGMSYEQY,GILGFVFTL,3.47E-07,0
AFMKEANTGFQKLV,ASSLYSGNAKNIQY,GILGFVFTL,8.18E-06,0
AVILSNTGKLI,ASSLGLRRGANYGYT,GILGFVFTL,1.29E-05,0
ATDLMDTGRRALT,ASSQDSGGSREQY,GILGFVFTL,1.45E-05,0
AEISSGGSYIPT,ASSSAPASGRVFGELF,GILGFVFTL,0.99717844,0
AGARSYQLT,ASSSLLPSSFVVGELF,GILGFVFTL,2.18E-07,0
AVGVTTDSWGKLQ,ASYSPVRRGAGETQY,GILGFVFTL,1.80E-05,0
AYWAGANSKLT,SAGPERAWPYEQY,GILGFVFTL,0.002406508,0
AASAKGRKGGSEKLV,ASSQLPWDSSYQETQY,GILGFVFTL,6.85E-07,0
AVRDDKII,ASRYRGESYEQY,GILGFVFTL,6.44E-06,0
ARISSGSARQLT,ASSLVGQNYEQY,GILGFVFTL,1.33E-06,0
LVGDIHSGGYQKVT,ASRTSGTQY,GILGFVFTL,0.000282258,0
AVRGPFGAGNMLT,ASSSSYEQY,GILGFVFTL,3.07E-05,0
GPQTTDSWGKLQ,ASSTRSGETQY,GILGFVFTL,0.999999,1
AVSGAGNMLT,SASRRVNTEAF,GILGFVFTL,3.44E-06,0
AVKDDYKLS,ASYLNREAF,GILGFVFTL,1.34E-05,0
AASIPGGFKTI,ASSRPQGAGETQY,GILGFVFTL,5.00E-06,0
AVIDSNSGYALN,ASSLLGAEAF,GILGFVFTL,0.021773577,0
AGATGGSQGNLI,ASSSRSSGEQY,GILGFVFTL,1,1
AMRWAGGTSYGKLT,ASNLGIETEAF,GILGFVFTL,3.89E-08,0
AVRDSNQAGTALI,ASRDYLTDTQY,GILGFVFTL,8.57E-06,0
AMSDTGNQFY,ASSADSGELF,GILGFVFTL,1.20E-05,0
AYRSASNFNKFY,ASSLMGNQPQH,GILGFVFTL,1.56E-05,0
AVTPSGTYKYI,ASSPAPDRGAQH,GILGFVFTL,2.24E-06,0
AMREGVRDAGKST,ASTQGGVHEQY,GILGFVFTL,0.030782819,0
AETLDRGSTLGRLY,ASSSGLAVPPRFYEQY,GILGFVFTL,2.76E-07,0
ALSEAGDYKLS,ASSSRAGALTDTQY,GILGFVFTL,0.000190228,0
AVNENYGQNFV,ATSGTLGTEAF,GILGFVFTL,0.002154142,0
AGPPSNTGKLI,ASSIRSGYEQY,GILGFVFTL,1,1
AASSPSNYQLI,ASSSAGRGNEQF,GILGFVFTL,2.72E-05,0
AVTEWYSSASKII,SARVEDQPQH,GILGFVFTL,2.87E-07,0
AFSNGNEKLT,ASSIFGTDTQY,GILGFVFTL,0.98882854,1
AEILTGGGNKLT,ATSSWGEVTDTQY,GILGFVFTL,0.000317037,0
MLRGFYGGSQGNLI,ASSLGRGYTGELF,GILGFVFTL,5.16E-08,0
AVNSRGGSQGNLI,ASSPTGNEQF,GILGFVFTL,5.91E-05,0
AGAGNAGNMLT,ASSPLSLNTEAF,GILGFVFTL,0.046175033,0
AVNSLRTSGTYKYI,ASSFRGGAYETQY,GILGFVFTL,2.48E-07,0
ACCYSGTYKYI,ASSVAGGGPDTQY,GILGFVFTL,0.000708461,0
APYGGSQGNLI,ASSLEGDYGYT,GILGFVFTL,0.2720589,0
AATSGAGSYQLT,ASSFGGLGGPNEQF,GILGFVFTL,4.43E-07,0
AGPPRGNTNAGKST,SARDPVGSGRLTDTQY,GILGFVFTL,3.69E-05,0
LVGGDSFGNVLH,ASSEIVTGLGYGYT,GILGFVFTL,1.13E-07,0
VGIRAGNNRKLI,SARDRTGNGYT,GILGFVFTL,0.5813251,0
GTEPRANFNKFY,ASSAQGADTDTQY,GILGFVFTL,9.54E-06,0
AVGPSGGGADGLT,SASGGPGYEQY,GILGFVFTL,0.001114458,0
AVLRTDSWGKLQ,SATTGIGYT,GILGFVFTL,8.06E-07,0
AFMDNTGNQFY,ASSLTGINIQY,GILGFVFTL,0.00519383,0
VVSSGGGADGLT,AGRIAGGSYEQY,GILGFVFTL,1.33E-06,0
ATVVEDSSYKLI,ASSSLTGFGYT,GILGFVFTL,1.77E-05,0
AVQANTGNQFY,ASSLLAGVYGSYNEQF,GILGFVFTL,0.15947753,0
AGVSGARLM,SVVAPSTEAF,GILGFVFTL,3.20E-06,0
AFMVRMNRDDKII,AWRISTSGAYEQY,GILGFVFTL,3.28E-06,0
VVNIGNTGTASKLT,ASRLWILSPANTEAF,GILGFVFTL,3.88E-06,0
LVGDGVNTDKLI,ASSFRPREQY,GILGFVFTL,2.37E-06,0
AGQPKPNSGNTGKLI,AISETRQAPNEKLF,GILGFVFTL,1.11E-06,0
AVRRASGGYNKLI,ASSPPPPGNEQF,GILGFVFTL,0.21609232,0
AMREIQGAQKLV,ASSPRQNTGELF,GILGFVFTL,5.34E-05,0
AVRREGKLT,ASLDTLYNEQF,GILGFVFTL,4.12E-05,0
AVPIYNQGGKLI,ASSGEREGHTGELF,GILGFVFTL,9.39E-07,0
AMREGTGNTPLV,ASSVGADTQY,GILGFVFTL,6.09E-07,0
AVQAVTDSWGKFQ,ASSTPPGGDQYSPLH,GILGFVFTL,0.002467573,0
LVGESSGGYQKVT,ASSLGGNYGYT,GILGFVFTL,1.57E-06,0
AVRINNNDMR,ASSIGGAGAF,GILGFVFTL,0.000118238,0
AVFAGGTSYGKLT,ASSQEAGGNYEQY,GILGFVFTL,0.000122966,0
AVESNDYKLS,ASRGRAEQF,GILGFVFTL,5.68E-07,0
AVRHPGGAAGNKLT,SARNAGGPKYNEQF,GILGFVFTL,1.73E-07,0
AAVDGQKLL,ASSLATGELF,GILGFVFTL,6.44E-07,0
LVVGNAGNMLT,ASSGVYDEQF,GILGFVFTL,1.06E-05,0
AMREGSSNTGKLI,ASSAGTRKF,GILGFVFTL,5.77E-06,0
ACLQGAQKLV,ASSLDGGTPEQY,GILGFVFTL,7.60E-08,0
AGVNYGGSQGNLI,ASAYYSNQPQH,GILGFVFTL,0.99251074,1
AYRGGDSNYQLI,ASSLGTGGTDTQY,GILGFVFTL,5.03E-08,0
AVWKETSGSRLT,ASSPLLGSYEQY,GILGFVFTL,0.000305504,0
AGRTGTASKLT,ASSLTPEAF,GILGFVFTL,0.02676627,0
AAIRSNTNAGKST,SVGQGLGTEAF,GILGFVFTL,2.74E-06,0
AVEAPGATNKLI,ATRRDYEQY,GILGFVFTL,3.01E-07,0
VVSENTDKLI,ASSQVPLSGRAIALTGELF,GILGFVFTL,7.74E-06,0
AANTGGGNKLT,ASSLAGGLETQY,GILGFVFTL,4.38E-07,0
AVRRRIDNDMR,ASSSQGDSYNSPLH,GILGFVFTL,9.45E-07,0
APMNQAGTALI,ASSLETGLDYGYT,GILGFVFTL,0.006338477,0
AEGGPYTDKLI,ATLHKTGDNQPQH,GILGFVFTL,7.10E-07,0
AVRDWNARLM,ASSLDRAGYT,GILGFVFTL,6.82E-06,0
LVGDLRGYGSSNTGKLI,ASSGRDSFNYEQY,GILGFVFTL,6.64E-09,0
VVSAVTGANNLF,ASSAPGGLAPVDEQY,GILGFVFTL,1.83E-06,0
GGDNQGGKLI,SARVAGESQPQH,GILGFVFTL,7.59E-05,0
AYSWETSGSRLT,ASSLAAGGPTDTQY,GILGFVFTL,1.70E-06,0
AVNWDDKII,ASSPRTSRDTQY,GILGFVFTL,4.05E-05,0
ALKNYQLI,ASSPGVRDQETQY,GILGFVFTL,6.52E-08,0
GTEIGDSNYQLI,ASSVARTGNTGELF,GILGFVFTL,3.16E-07,0
AVSLDSSYKLI,ASGPGRTTDNEQF,GILGFVFTL,7.78E-06,0
AVIPWAGGFKTI,ASSQEVGARDEQF,GILGFVFTL,0.034437776,0
AANTGFQKLV,SARSDPSYEQY,GILGFVFTL,2.42E-07,0
VVTLYNFNKFY,ASSLAGSNTEAF,GILGFVFTL,2.76E-06,0
ALRGPSGYALN,ASSYSRGLRNTGELF,GILGFVFTL,1.78E-07,0
AGATGNQFY,ASSEFLLGMNTEAF,GILGFVFTL,7.56E-06,0
AVRVLSGGSYIPT,ASSPGQTSYEQY,GILGFVFTL,9.28E-07,0
AVGARSGGYNKLI,ASSYGQDSGANVLT,GILGFVFTL,3.68E-05,0
LVGVVGGYNKLI,ASSPRTRTDTQY,GILGFVFTL,1.17E-05,0
AVRDKVSTLT,ASSLGDTTYEQY,GILGFVFTL,4.94E-05,0
AAHTGTASKLT,ATSGQTNTIY,GILGFVFTL,0.000451773,0
AYRSYYSGGGADGLT,ASSFRPTGTSSYEQY,GILGFVFTL,4.27E-07,0
AVIEYGNKLV,ASSLTDIYNEQF,GILGFVFTL,1.50E-06,0
ALVNDYKLS,ASSLAKDRFYEQY,GILGFVFTL,1.08E-06,0
AERDSWGKFQ,ASSFPTSGGATTNEQF,GILGFVFTL,9.54E-07,0
ALSDKFY,ASSLGLAGAEETQY,GILGFVFTL,5.80E-06,0
ASDGQKLL,ASSITTASNQPQH,GILGFVFTL,0.046791732,0
AVREIDNQGGKLI,ASSTGTGTGELF,GILGFVFTL,1.48E-05,0
AASMFSGGYNKLI,ASSLGGNYGYT,GILGFVFTL,2.11E-05,0
AVRSQNYGGSQGNLI,ASSPSGGGEQY,GILGFVFTL,0.004658014,0
AAGGGADGLT,ASSLGDRGY,GILGFVFTL,0.008957624,0
AVMDSNYQLI,SARDPTSGAPNEQF,GILGFVFTL,7.40E-05,0
AVNTGNQFY,ASSLGAGGMAEAF,GILGFVFTL,0.006840706,0
AVRDDTGGFKTI,ASSDPGTGHTEAF,GILGFVFTL,0.038325876,0
AMRGDPGGTSYGKLT,AAGLYSNQPQH,GILGFVFTL,0.99267066,1
ADPGGSGGYNKLI,ASSLRETAIYGYT,GILGFVFTL,1.69E-07,0
GMDSSYKLI,SASLGQEGFYGYT,GILGFVFTL,2.53E-05,0
AGRMDSSYKLI,SARDPGAGTEAF,GILGFVFTL,4.06E-07,0
AVQGRGFGNVLH,SARDFVGGETQY,GILGFVFTL,2.47E-08,0
IAPLSNAGGTSYGKLT,SAKQDRLEPQH,GILGFVFTL,0.03268242,0
ALSVLNAGNMLT,ASSLGENYNEQF,GILGFVFTL,2.51E-07,0
AAFYNTDKLI,ASSLVSNYGYT,GILGFVFTL,3.92E-06,0
AMREGDYGNNRLA,ASSPWDRGNTEAF,GILGFVFTL,0.000307679,0
ILRGGSNDYKLS,AISESLGPPYEQY,GILGFVFTL,2.54E-07,0
AVDSWGKFQ,ASSARQGAGELF,GILGFVFTL,0.00079608,0
AVNMIKTGGFKTI,SAPDYRNSYNEQF,GILGFVFTL,1.12E-06,0
AVTVFSGGSQGNLI,ASSVETSGGYGYT,GILGFVFTL,0.000247091,0
AVQALMDSSYKLI,ASGRDFEKLF,GILGFVFTL,6.09E-07,0
AVHNQGGKLI,ASSDRGQDNEQF,GILGFVFTL,8.45E-08,0
AVRDSNYQLI,ASSFFVVTSGRAVYGANVLT,GILGFVFTL,0.001243979,0
AALGGYQKVT,ASSVAGGSYEQY,GILGFVFTL,1.15E-06,0
AVRPPYSGNTGKLI,ASSFRANTEAF,GILGFVFTL,7.53E-05,0
AVRDSNYQLI,SARDLRGAPPNEQF,GILGFVFTL,0.000134647,0
AVMDSNYQLI,SARDQSGGASEEQF,GILGFVFTL,2.48E-05,0
LVGEDTGFQKLV,ASSSSTLDSYDYGYT,GILGFVFTL,1.16E-07,0
ALPNTGNQFY,ASSQPRTGGTEAF,GILGFVFTL,1.77E-07,0
AVIPNNAGNMLT,ASSPNLIMARRNTEAF,GILGFVFTL,1.26E-08,0
AGYPYNNNDMR,SARDTTHQPQH,GILGFVFTL,0.000246197,0
AVSFQAAGNKLT,ASSLGDHATSRDYNEQF,GILGFVFTL,1.07E-06,0
GTVANNNDMR,ASSSSGISYEQY,GILGFVFTL,4.70E-07,0
AVKNNNAGNMLT,ASSSPYEQY,GILGFVFTL,0.004946023,0
AASEEAQAGTALI,ASSVENDGWNIQY,GILGFVFTL,6.51E-07,0
ATDDVRGNNDMR,ASSVGTLRTDTQY,GILGFVFTL,4.57E-08,0
VVNGQAGTALI,SANGGGQLKNIQY,GILGFVFTL,1.72E-05,0
IVRAPLSSNTGKLI,ASSHRETGANVLT,GILGFVFTL,1.21E-06,0
VVRDARLM,ASSPTGGHVSTDTQY,GILGFVFTL,1.76E-07,0
VVNQAGTALI,ASRFPSVPEGEQF,GILGFVFTL,9.45E-08,0
AFMKPLGAGKST,ASSYYNPRTGERLAF,GILGFVFTL,5.17E-07,0
AAQYGNKLV,SVEDFRQERTFYGYT,GILGFVFTL,1.00E-08,0
ALNPLKAAGNKLT,ASSLDVSPLH,GILGFVFTL,0.010347426,0
VVNWGSDMR,ATSDLGQENTGELF,GILGFVFTL,3.83E-07,0
AFMKFGNHNNARLM,ASSHQSGPLASYNEQF,GILGFVFTL,9.34E-08,0
ATGATMEYGNKLV,ASSLREGSYEQY,GILGFVFTL,1.14E-07,0
AESRLGKLI,AISDWDGRSGNTIY,GILGFVFTL,1.42E-06,0
ALRSRRLM,ASSLHDREGVRSPLH,GILGFVFTL,2.79E-05,0
AAHGSSNTGKLI,ASSAGSTEAF,GILGFVFTL,0.02700162,0
AAGEGSARQLT,ASSDSTDTQY,GILGFVFTL,8.18E-06,0
AVRPAGQKLL,ASSPPVSGQPQH,GILGFVFTL,0.000605166,0
AVNTPEAAGNKLT,ASSPDYEQY,GILGFVFTL,6.84E-05,0
ASRGATNKLI,ASSLGQEGPEAF,GILGFVFTL,9.15E-08,0
AVKEYGNKLV,ASRERGGLGEQY,GILGFVFTL,2.77E-05,0
AESPEHNDYKLS,ASSSGAGELF,GILGFVFTL,0.010974497,0
LVGTGANNLF,AISEGGSGAHYNEQF,GILGFVFTL,6.92E-05,0
AASSGTYKYI,ASSFDQNYGYT,GILGFVFTL,3.48E-08,0
AVTGFGNVLH,SAPIGRNTEAF,GILGFVFTL,8.54E-08,0
AGRLNYGGSQGNLI,ASSSEGHTEAF,GILGFVFTL,3.58E-06,0
AVDGSGSRLT,ASSLRTGDSYNEQF,GILGFVFTL,1.54E-06,0
AVRPDSNYQLI,ASSLDGGLNNEQF,GILGFVFTL,3.05E-06,0
AVRSEGNYGQNFV,ASSLGVASEQF,GILGFVFTL,0.001684815,0
VVSARGSGGGADGLT,ASSQTQGRGTEAF,GILGFVFTL,3.42E-08,0
AVDIHNNNDMR,ATSAGEYYQPQH,GILGFVFTL,1.80E-05,0
AVKGNQFY,ASSPRLAGYSYNEQF,GILGFVFTL,8.28E-06,0
AVSDRSSNDYKLS,ASSFAAGELF,GILGFVFTL,0.000335246,0
AVLVNKFY,ASSLRNGPRQPQH,GILGFVFTL,2.93E-05,0
LVGANYGGATNKLI,ASSQGETGNYGYT,GILGFVFTL,9.83E-07,0
AYRSLTDSWGKLQ,ASSLQGSTEAF,GILGFVFTL,0.38444126,0
VVTRGYGNNRLA,ASSPSLARSTDTQY,GILGFVFTL,2.11E-07,0
AADNNARLM,SARDRVGNGYT,GILGFVFTL,0.9999523,1
ALDFSASGGSYIPT,ASSFGLAGEEQF,GILGFVFTL,0.000112868,0
AVQPTPGNTPLV,ASSQVGLNEQF,GILGFVFTL,9.74E-07,0
ILRAPITSGTYKYI,ASGARQFTEAF,GILGFVFTL,0.000758767,0
AALFPSGTYKYI,ASSLGAGGSETQY,GILGFVFTL,0.000622541,0
AAPSGGSYIPT,ASSPTASGEYNEQF,GILGFVFTL,4.74E-05,0
ALTPGNTGKLI,ASSERWDVGSRDTQY,GILGFVFTL,0.001535773,0
VVAETSYDKVI,ASSLSGWDRAHEQY,GILGFVFTL,2.96E-07,0
ILRESYNNNDMR,ASSARLAGGTDTQY,GILGFVFTL,1.31E-06,0
AFMKPGSYQLT,ASRPGNSGANVLT,GILGFVFTL,3.57E-07,0
AAASGGSNYKLT,ASSLALDPRDEQF,GILGFVFTL,0.00037849,0
