CDR3a,CDR3b
ADDNNARLM,SARTAPVGNEQF
AVRGPEGGGNKLT,ASSAGTSGQETQY
AEDLQKLV,ASSPLAGVSDTQY
AESTSGGKLI,SVGSRGTNEKLF
ALSESNSGNTPLV,SAWTGTEAF
AEDSNARLM,SARSRVGNTIY
AEDSNARLM,SARDRVGNTIY
AASGGTYKYI,ASSSGRLTNTEAF
ILRDLNAGGTSYGKLT,ASSPVTGSSYEQY
AVLDSNYQLI,ASSSGRLTNTEAF
AERASNNDMR,ASSPPGLVGGELF
AVPLTGGGNKLT,ASSLGVAGTNTGELF
AGMNRDDKII,SARDRVGNTIY
AEDNNARLM,SARTGTGNSYT
AESKPDKLI,ASSQSPGGIQY
GTEYPNDYKLS,ASSFLAGTDTQY
AWSSNAGGTSYGKLT,ASSEGGFTFYNEQF
AEDSNARLM,ASSQRPSEVGELF
AASGGTYKYI,ASSSGLVSNTGELF
AEKEYADGLT,ASSSPEGQPLNTGELF
AENGGGGADGLT,SVGSRGTNEKLF
GTEYPNDYKLS,ASSFSGNTGELF
AEDSGNLI,ASSVAVGTGSGANVLT
AVGLFNFNKFY,SARDRVGNTIY
AEMEGGSYIPT,ASSSPEGQPLNTGELF
AEDNNARLM,SARDREFGNTIY
AGQTNSGYALN,SARDDSGQGFGFLETQY
AEDSNARLM,SARSGVGNTIY
ALDSTYSSASKII,SARDRTGNGYT
ADPIEDAGNMLT,ASSDGQLTAGELF
ATSPPLTQGGSEKLV,ASSQSPGGTQY
AAGYSSASKII,ASSFSSGTTDTQY
AARFDSGYALN,ASSTYSGQSYGYT
AARFDSGYALN,ASSTYYGQSYGYT
ADDNNARLM,SARDRTGNGYT
AEDNNARLM,SARVEPGNGYT
AELGNDMR,ASSQAPGGEQY
AELGNDMR,ASSQCPGGEQY
AELGNDMR,ASSQSPGGEQY
AESLDMLT,ASSVVGGNEQF
AESQGNLI,ASSQRPGGQQF
AESQGNLI,ASSQSPGGQQF
ALPMNRDDKII,ASSYAYDGSYEQY
ALRCFGNEKLT,SVPGTVQETQY
ALRCFGNEKLT,SVPITVQETQY
ALRCFGNEKLT,SVPSTVQETQY
AMREVMDSNYQLI,ASSVAQLAGGTDTQY
AVPAEGGYNKLI,SARDSTGNGYT
AVPPEGGYNKLI,SARDSTGNGYT
AVPVEGGYNKLI,SARDSTGNGYT
AVRCFGNEKLT,SVPIAVQETQY
AVRCFGNEKLT,SVPITVQETQY
AVRCFGNEKLT,SVPSTVQETQY
VVFKAAGNKLT,ASGGSSYQETQY
AEGFASSDGQKLL,ASSQSPGGTQY
VVNGASGTYKYI,ASSEDAGLSYNEQF
VVNDASGTYKYI,ASSEDAGLSYNEQF
VVNGDRDRISRLVK,ASSNADTPLQETQY
AEIHARLM,SARDGNREWLH
AEGHDSTLT,SARVGVGNTIY
AEDSNARLM,SARDPYRASNQPQH
AFVANAGGTSYGKLT,ASSYTRVNEQF
AEDNNARLM,ASSGEQLLPGELF
CAMREQEDSNYQLIW,ASSEESYLMNTEAF
GTEILNDYKLS,ASSEGQLSSGNTIY
AMGGSNDYKLS,ASSGNPQTGPMNTEAF
CALYNTDKLIV,ASSPTSGSIYEQY
AFTNTGNQFY,ASSPTSGSVYEQY
AESTSASKII,ASSQSPGGTQY
AEDLNARLM,AVGTESTNEKLF
AEDADSTLT,SARDGTGNTIY
AEDKNARLM,SARDRVGNTIY
AEDRYSTLT,SARDSTGNGYT
AEHAGQGNLI,SVGGQANTEAF
AESPFSGNTPLV,SVGSGGTNEKLF
AESPFSGNTPLV,SVGTGGTNEKLF
VVSWFSDGQKLL,SVGSQGTNEKLF
AVVGTGNQFY,AISDDRGPYEQY
AEPNNAGNMLT,ASKTGTGNEKLF
AENLYSTLT,ASSATGGDEQF
AVKGVTGGGNKLT,ASSVAGTTDTQY
AEYSSASKII,ASSQSPGGTQY
AESTGKLI,SVGTGGTNEKLF
VVNREGYSTLT,ASSESVLGLNTEAF
AGPPSGAGSYQLT,SARDDSGQGFGFLETQY
AEDNNARLM,SASRPYSNQPQH
VVTAGNTGKLI,ASSSGLVSNTGELF
AEDSNARLM,ASSLGVAGTNTGELF
AGSPSNTGKLI,ASSARSSYEQY
AEDSASKII,SARDETGNGYT
AAASNFGNEKLT,SARDRVGNTIY
AVPLTGGGNKLT,ASSTRSSYEQY
AVPLTGGGNKLT,ASSLNRGDPEAF
GTEYPNDYKLS,ASSLGGNNEQF
AVTGNNDYKLS,ASSFTSGTTDTQY
GTEYPNDYKLS,ASSVEGVGTSTDTQY
AEDNNNDMR,ASSVTGTFGYEQY
ALDNTGKLI,ASSWNRASSYEQY
AESIGKLI,SVGTGGTNEKLF
ATDAATGRRALT,SAWTGTEAF
